rownum,material,core_size,hydro_size,surf_charge,specific_surf_area,Hsf,Ec,Ev,MeO,assay,cell_line,cell_species,cell_origin,cell_type,time,dose,viability,toxicity
001,Al2O3,39.7,267,36.3,64.7,-17.345,-1.51,-9.81,5.67,MTT,HCMEC,Human,Blood,Normal,24,0.001,92.5258,nonToxic
002,Al2O3,39.7,267,36.3,64.7,-17.345,-1.51,-9.81,5.67,MTT,HCMEC,Human,Blood,Normal,24,0.01,96.134,nonToxic
003,Al2O3,39.7,267,36.3,64.7,-17.345,-1.51,-9.81,5.67,MTT,HCMEC,Human,Blood,Normal,24,0.1,93.5567,nonToxic
004,Al2O3,39.7,267,36.3,64.7,-17.345,-1.51,-9.81,5.67,MTT,HCMEC,Human,Blood,Normal,24,1,97.6804,nonToxic
005,Al2O3,39.7,267,36.3,64.7,-17.345,-1.51,-9.81,5.67,MTT,HCMEC,Human,Blood,Normal,24,5,94.8454,nonToxic
006,Al2O3,39.7,267,36.3,64.7,-17.345,-1.51,-9.81,5.67,MTT,HCMEC,Human,Blood,Normal,24,10,96.3918,nonToxic
007,Al2O3,39.7,267,36.3,64.7,-17.345,-1.51,-9.81,5.67,MTT,HCMEC,Human,Blood,Normal,24,20,92.268,nonToxic
008,Al2O3,39.7,267,36.3,64.7,-17.345,-1.51,-9.81,5.67,MTT,HCMEC,Human,Blood,Normal,24,50,92.268,nonToxic
009,Al2O3,39.7,267,36.3,64.7,-17.345,-1.51,-9.81,5.67,MTT,HCMEC,Human,Blood,Normal,24,100,82.732,nonToxic
010,Al2O3,39.7,267,36.3,64.7,-17.345,-1.51,-9.81,5.67,MTT,HCMEC,Human,Blood,Normal,12,0.001,95.6897,nonToxic
011,Al2O3,39.7,267,36.3,64.7,-17.345,-1.51,-9.81,5.67,MTT,HCMEC,Human,Blood,Normal,12,0.01,94.4828,nonToxic
012,Al2O3,39.7,267,36.3,64.7,-17.345,-1.51,-9.81,5.67,MTT,HCMEC,Human,Blood,Normal,12,0.1,96.8966,nonToxic
013,Al2O3,39.7,267,36.3,64.7,-17.345,-1.51,-9.81,5.67,MTT,HCMEC,Human,Blood,Normal,12,1,99.4828,nonToxic
014,Al2O3,39.7,267,36.3,64.7,-17.345,-1.51,-9.81,5.67,MTT,HCMEC,Human,Blood,Normal,12,5,94.6552,nonToxic
015,Al2O3,39.7,267,36.3,64.7,-17.345,-1.51,-9.81,5.67,MTT,HCMEC,Human,Blood,Normal,12,10,95.431,nonToxic
016,Al2O3,39.7,267,36.3,64.7,-17.345,-1.51,-9.81,5.67,MTT,HCMEC,Human,Blood,Normal,12,20,94.3966,nonToxic
017,Al2O3,39.7,267,36.3,64.7,-17.345,-1.51,-9.81,5.67,MTT,HCMEC,Human,Blood,Normal,12,50,96.4655,nonToxic
018,Al2O3,39.7,267,36.3,64.7,-17.345,-1.51,-9.81,5.67,MTT,HCMEC,Human,Blood,Normal,12,100,91.0345,nonToxic
019,CuO,46.3,239,42.8,24.1,-1.609,-5.17,-6.51,5.87,MTT,HCMEC,Human,Blood,Normal,24,0.001,96.134,nonToxic
020,CuO,46.3,239,42.8,24.1,-1.609,-5.17,-6.51,5.87,MTT,HCMEC,Human,Blood,Normal,24,0.01,100,nonToxic
021,CuO,46.3,239,42.8,24.1,-1.609,-5.17,-6.51,5.87,MTT,HCMEC,Human,Blood,Normal,24,0.1,95.3608,nonToxic
022,CuO,46.3,239,42.8,24.1,-1.609,-5.17,-6.51,5.87,MTT,HCMEC,Human,Blood,Normal,24,1,96.6495,nonToxic
023,CuO,46.3,239,42.8,24.1,-1.609,-5.17,-6.51,5.87,MTT,HCMEC,Human,Blood,Normal,24,5,74.7423,nonToxic
024,CuO,46.3,239,42.8,24.1,-1.609,-5.17,-6.51,5.87,MTT,HCMEC,Human,Blood,Normal,24,10,43.299,Toxic
025,CuO,46.3,239,42.8,24.1,-1.609,-5.17,-6.51,5.87,MTT,HCMEC,Human,Blood,Normal,24,20,15.2062,Toxic
026,CuO,46.3,239,42.8,24.1,-1.609,-5.17,-6.51,5.87,MTT,HCMEC,Human,Blood,Normal,24,50,13.6598,Toxic
027,CuO,46.3,239,42.8,24.1,-1.609,-5.17,-6.51,5.87,MTT,HCMEC,Human,Blood,Normal,24,100,13.6598,Toxic
028,CuO,46.3,239,42.8,24.1,-1.609,-5.17,-6.51,5.87,MTT,HCMEC,Human,Blood,Normal,12,0.001,96.9828,nonToxic
029,CuO,46.3,239,42.8,24.1,-1.609,-5.17,-6.51,5.87,MTT,HCMEC,Human,Blood,Normal,12,0.01,94.6552,nonToxic
030,CuO,46.3,239,42.8,24.1,-1.609,-5.17,-6.51,5.87,MTT,HCMEC,Human,Blood,Normal,12,0.1,95.431,nonToxic
031,CuO,46.3,239,42.8,24.1,-1.609,-5.17,-6.51,5.87,MTT,HCMEC,Human,Blood,Normal,12,1,98.2759,nonToxic
032,CuO,46.3,239,42.8,24.1,-1.609,-5.17,-6.51,5.87,MTT,HCMEC,Human,Blood,Normal,12,5,82.2414,nonToxic
033,CuO,46.3,239,42.8,24.1,-1.609,-5.17,-6.51,5.87,MTT,HCMEC,Human,Blood,Normal,12,10,62.3276,nonToxic
034,CuO,46.3,239,42.8,24.1,-1.609,-5.17,-6.51,5.87,MTT,HCMEC,Human,Blood,Normal,12,20,44.4828,Toxic
035,CuO,46.3,239,42.8,24.1,-1.609,-5.17,-6.51,5.87,MTT,HCMEC,Human,Blood,Normal,12,50,15.7759,Toxic
036,CuO,46.3,239,42.8,24.1,-1.609,-5.17,-6.51,5.87,MTT,HCMEC,Human,Blood,Normal,12,100,13.9655,Toxic
037,Fe2O3,42.5,957,-8.2,82.8,-8.512,-4.99,-6.99,5.98,MTT,HCMEC,Human,Blood,Normal,24,0.001,96.8912,nonToxic
038,Fe2O3,42.5,957,-8.2,82.8,-8.512,-4.99,-6.99,5.98,MTT,HCMEC,Human,Blood,Normal,24,0.01,98.1865,nonToxic
039,Fe2O3,42.5,957,-8.2,82.8,-8.512,-4.99,-6.99,5.98,MTT,HCMEC,Human,Blood,Normal,24,0.1,100.2591,nonToxic
040,Fe2O3,42.5,957,-8.2,82.8,-8.512,-4.99,-6.99,5.98,MTT,HCMEC,Human,Blood,Normal,24,1,95.8549,nonToxic
041,Fe2O3,42.5,957,-8.2,82.8,-8.512,-4.99,-6.99,5.98,MTT,HCMEC,Human,Blood,Normal,24,5,90.9326,nonToxic
042,Fe2O3,42.5,957,-8.2,82.8,-8.512,-4.99,-6.99,5.98,MTT,HCMEC,Human,Blood,Normal,24,10,90.9326,nonToxic
043,Fe2O3,42.5,957,-8.2,82.8,-8.512,-4.99,-6.99,5.98,MTT,HCMEC,Human,Blood,Normal,24,20,94.3005,nonToxic
044,Fe2O3,42.5,957,-8.2,82.8,-8.512,-4.99,-6.99,5.98,MTT,HCMEC,Human,Blood,Normal,24,50,94.5596,nonToxic
045,Fe2O3,42.5,957,-8.2,82.8,-8.512,-4.99,-6.99,5.98,MTT,HCMEC,Human,Blood,Normal,24,100,91.9689,nonToxic
046,Fe2O3,42.5,957,-8.2,82.8,-8.512,-4.99,-6.99,5.98,MTT,HCMEC,Human,Blood,Normal,12,0.001,96.6234,nonToxic
047,Fe2O3,42.5,957,-8.2,82.8,-8.512,-4.99,-6.99,5.98,MTT,HCMEC,Human,Blood,Normal,12,0.01,96.3636,nonToxic
048,Fe2O3,42.5,957,-8.2,82.8,-8.512,-4.99,-6.99,5.98,MTT,HCMEC,Human,Blood,Normal,12,0.1,98.7013,nonToxic
049,Fe2O3,42.5,957,-8.2,82.8,-8.512,-4.99,-6.99,5.98,MTT,HCMEC,Human,Blood,Normal,12,1,98.7013,nonToxic
050,Fe2O3,42.5,957,-8.2,82.8,-8.512,-4.99,-6.99,5.98,MTT,HCMEC,Human,Blood,Normal,12,5,100.7792,nonToxic
051,Fe2O3,42.5,957,-8.2,82.8,-8.512,-4.99,-6.99,5.98,MTT,HCMEC,Human,Blood,Normal,12,10,100.4329,nonToxic
052,Fe2O3,42.5,957,-8.2,82.8,-8.512,-4.99,-6.99,5.98,MTT,HCMEC,Human,Blood,Normal,12,20,98.7013,nonToxic
053,Fe2O3,42.5,957,-8.2,82.8,-8.512,-4.99,-6.99,5.98,MTT,HCMEC,Human,Blood,Normal,12,50,99.7403,nonToxic
054,Fe2O3,42.5,957,-8.2,82.8,-8.512,-4.99,-6.99,5.98,MTT,HCMEC,Human,Blood,Normal,12,100,98.0087,nonToxic
055,Fe3O4,10,80,-35,110,-11.59,-5,-6.85,5.78,Alamar_blue,A549,Human,Lung,Cancer,72,0,100,nonToxic
056,Fe3O4,10,80,-35,110,-11.59,-5,-6.85,5.78,Alamar_blue,A549,Human,Lung,Cancer,72,1,95,nonToxic
057,Fe3O4,10,80,-35,110,-11.59,-5,-6.85,5.78,Alamar_blue,A549,Human,Lung,Cancer,72,10,91,nonToxic
058,Fe3O4,10,80,-35,110,-11.59,-5,-6.85,5.78,Alamar_blue,A549,Human,Lung,Cancer,72,100,88,nonToxic
059,Fe3O4,10,80,-35,110,-11.59,-5,-6.85,5.78,Alamar_blue,A549,Human,Lung,Cancer,24,0,100,nonToxic
060,Fe3O4,10,80,-35,110,-11.59,-5,-6.85,5.78,Alamar_blue,A549,Human,Lung,Cancer,24,1,96.376,nonToxic
061,Fe3O4,10,80,-35,110,-11.59,-5,-6.85,5.78,Alamar_blue,A549,Human,Lung,Cancer,24,10,95.302,nonToxic
062,Fe3O4,10,80,-35,110,-11.59,-5,-6.85,5.78,Alamar_blue,A549,Human,Lung,Cancer,24,100,93.691,nonToxic
063,Fe3O4,46.8,1025,1.7,147.4,-11.59,-5,-6.85,5.78,MTT,HCMEC,Human,Blood,Normal,24,0.001,99.4819,nonToxic
064,Fe3O4,46.8,1025,1.7,147.4,-11.59,-5,-6.85,5.78,MTT,HCMEC,Human,Blood,Normal,24,0.01,101.5544,nonToxic
065,Fe3O4,46.8,1025,1.7,147.4,-11.59,-5,-6.85,5.78,MTT,HCMEC,Human,Blood,Normal,24,0.1,93.5233,nonToxic
066,Fe3O4,46.8,1025,1.7,147.4,-11.59,-5,-6.85,5.78,MTT,HCMEC,Human,Blood,Normal,24,1,96.6321,nonToxic
067,Fe3O4,46.8,1025,1.7,147.4,-11.59,-5,-6.85,5.78,MTT,HCMEC,Human,Blood,Normal,24,5,91.9689,nonToxic
068,Fe3O4,46.8,1025,1.7,147.4,-11.59,-5,-6.85,5.78,MTT,HCMEC,Human,Blood,Normal,24,10,93.5233,nonToxic
069,Fe3O4,46.8,1025,1.7,147.4,-11.59,-5,-6.85,5.78,MTT,HCMEC,Human,Blood,Normal,24,20,90.1554,nonToxic
070,Fe3O4,46.8,1025,1.7,147.4,-11.59,-5,-6.85,5.78,MTT,HCMEC,Human,Blood,Normal,24,50,89.8964,nonToxic
071,Fe3O4,46.8,1025,1.7,147.4,-11.59,-5,-6.85,5.78,MTT,HCMEC,Human,Blood,Normal,24,100,93.7824,nonToxic
072,Fe3O4,46.8,1025,1.7,147.4,-11.59,-5,-6.85,5.78,MTT,HCMEC,Human,Blood,Normal,12,0.001,99.3939,nonToxic
073,Fe3O4,46.8,1025,1.7,147.4,-11.59,-5,-6.85,5.78,MTT,HCMEC,Human,Blood,Normal,12,0.01,96.2771,nonToxic
074,Fe3O4,46.8,1025,1.7,147.4,-11.59,-5,-6.85,5.78,MTT,HCMEC,Human,Blood,Normal,12,0.1,99.2208,nonToxic
075,Fe3O4,46.8,1025,1.7,147.4,-11.59,-5,-6.85,5.78,MTT,HCMEC,Human,Blood,Normal,12,1,101.2987,nonToxic
076,Fe3O4,46.8,1025,1.7,147.4,-11.59,-5,-6.85,5.78,MTT,HCMEC,Human,Blood,Normal,12,5,97.8355,nonToxic
077,Fe3O4,46.8,1025,1.7,147.4,-11.59,-5,-6.85,5.78,MTT,HCMEC,Human,Blood,Normal,12,10,100.7792,nonToxic
078,Fe3O4,46.8,1025,1.7,147.4,-11.59,-5,-6.85,5.78,MTT,HCMEC,Human,Blood,Normal,12,20,97.4892,nonToxic
079,Fe3O4,46.8,1025,1.7,147.4,-11.59,-5,-6.85,5.78,MTT,HCMEC,Human,Blood,Normal,12,50,99.5671,nonToxic
080,Fe3O4,46.8,1025,1.7,147.4,-11.59,-5,-6.85,5.78,MTT,HCMEC,Human,Blood,Normal,12,100,97.8355,nonToxic
081,SiO2,33.5,120,-47.6,576.23,-9.41,-2.02,-11.12,6.19,MTT,MeT_5A,Human,Mesothelium,Normal,24,0.01,91.5663,nonToxic
082,SiO2,33.5,120,-47.6,576.23,-9.41,-2.02,-11.12,6.19,MTT,MeT_5A,Human,Mesothelium,Normal,24,0.1,115.6627,nonToxic
083,SiO2,33.5,120,-47.6,576.23,-9.41,-2.02,-11.12,6.19,MTT,MeT_5A,Human,Mesothelium,Normal,24,1,101.4056,nonToxic
084,SiO2,33.5,120,-47.6,576.23,-9.41,-2.02,-11.12,6.19,MTT,MeT_5A,Human,Mesothelium,Normal,24,10,85.9438,nonToxic
085,SiO2,33.5,120,-47.6,576.23,-9.41,-2.02,-11.12,6.19,MTT,MeT_5A,Human,Mesothelium,Normal,24,25,94.9799,nonToxic
086,SiO2,33.5,120,-47.6,576.23,-9.41,-2.02,-11.12,6.19,MTT,MeT_5A,Human,Mesothelium,Normal,24,50,61.245,nonToxic
087,SiO2,33.5,120,-47.6,576.23,-9.41,-2.02,-11.12,6.19,MTT,MeT_5A,Human,Mesothelium,Normal,24,75,53.6145,nonToxic
088,SiO2,33.5,120,-47.6,576.23,-9.41,-2.02,-11.12,6.19,MTT,MeT_5A,Human,Mesothelium,Normal,24,100,67.8715,nonToxic
089,SiO2,33.5,120,-47.6,576.23,-9.41,-2.02,-11.12,6.19,MTT,A549,Human,Lung,Cancer,24,0.01,107.4297,nonToxic
090,SiO2,33.5,120,-47.6,576.23,-9.41,-2.02,-11.12,6.19,MTT,A549,Human,Lung,Cancer,24,0.1,107.6305,nonToxic
091,SiO2,33.5,120,-47.6,576.23,-9.41,-2.02,-11.12,6.19,MTT,A549,Human,Lung,Cancer,24,1,113.253,nonToxic
092,SiO2,33.5,120,-47.6,576.23,-9.41,-2.02,-11.12,6.19,MTT,A549,Human,Lung,Cancer,24,10,109.4377,nonToxic
093,SiO2,33.5,120,-47.6,576.23,-9.41,-2.02,-11.12,6.19,MTT,A549,Human,Lung,Cancer,24,25,105.2209,nonToxic
094,SiO2,33.5,120,-47.6,576.23,-9.41,-2.02,-11.12,6.19,MTT,A549,Human,Lung,Cancer,24,50,96.3855,nonToxic
095,SiO2,33.5,120,-47.6,576.23,-9.41,-2.02,-11.12,6.19,MTT,A549,Human,Lung,Cancer,24,75,91.3655,nonToxic
096,SiO2,33.5,120,-47.6,576.23,-9.41,-2.02,-11.12,6.19,MTT,A549,Human,Lung,Cancer,24,100,91.9679,nonToxic
097,SiO2,369,546,-38.7,9,-9.41,-2.02,-11.12,6.19,LDH,BEAS_2B,Human,Lung,Normal,20,0,94.2,nonToxic
098,SiO2,369,546,-38.7,9,-9.41,-2.02,-11.12,6.19,LDH,BEAS_2B,Human,Lung,Normal,20,1440,90.6,nonToxic
099,SiO2,369,546,-38.7,9,-9.41,-2.02,-11.12,6.19,LDH,BEAS_2B,Human,Lung,Normal,20,0,94.1,nonToxic
100,SiO2,369,546,-38.7,9,-9.41,-2.02,-11.12,6.19,LDH,BEAS_2B,Human,Lung,Normal,20,1440,85.6,nonToxic
101,SiO2,27.5,75.1,-29.5,65,-9.41,-2.02,-11.12,6.19,LDH,BEAS_2B,Human,Lung,Normal,20,0,94.2,nonToxic
102,SiO2,27.5,75.1,-29.5,65,-9.41,-2.02,-11.12,6.19,LDH,BEAS_2B,Human,Lung,Normal,20,200,91.9,nonToxic
103,SiO2,27.5,75.1,-29.5,65,-9.41,-2.02,-11.12,6.19,LDH,BEAS_2B,Human,Lung,Normal,20,0,94.1,nonToxic
104,SiO2,27.5,75.1,-29.5,65,-9.41,-2.02,-11.12,6.19,LDH,BEAS_2B,Human,Lung,Normal,20,200,91.6,nonToxic
105,SiO2,50,79,-13.2,108.3,-9.41,-2.02,-11.12,6.19,Alamar_blue,A549,Human,Lung,Cancer,24,0,101.28,nonToxic
106,SiO2,50,79,-13.2,108.3,-9.41,-2.02,-11.12,6.19,Alamar_blue,A549,Human,Lung,Cancer,24,0.001,102.24,nonToxic
107,SiO2,50,79,-13.2,108.3,-9.41,-2.02,-11.12,6.19,Alamar_blue,A549,Human,Lung,Cancer,24,0.01,101.28,nonToxic
108,SiO2,50,79,-13.2,108.3,-9.41,-2.02,-11.12,6.19,Alamar_blue,A549,Human,Lung,Cancer,24,0.1,96.48,nonToxic
109,SiO2,50,79,-13.2,108.3,-9.41,-2.02,-11.12,6.19,Alamar_blue,A549,Human,Lung,Cancer,24,1,98.4,nonToxic
110,SiO2,50,79,-13.2,108.3,-9.41,-2.02,-11.12,6.19,Alamar_blue,A549,Human,Lung,Cancer,24,10,97.92,nonToxic
111,SiO2,50,79,-13.2,108.3,-9.41,-2.02,-11.12,6.19,Alamar_blue,A549,Human,Lung,Cancer,24,100,99.36,nonToxic
112,TiO2,25,504.5,-10.7,210,-9.779,-4.16,-7.49,5.77,NRU,SH_SY5Y,Human,Bone,Cancer,24,0,100,nonToxic
113,TiO2,25,504.5,-10.7,210,-9.779,-4.16,-7.49,5.77,NRU,SH_SY5Y,Human,Bone,Cancer,24,20,90,nonToxic
114,TiO2,25,504.5,-10.7,210,-9.779,-4.16,-7.49,5.77,NRU,SH_SY5Y,Human,Bone,Cancer,24,40,122.2222,nonToxic
115,TiO2,25,504.5,-10.7,210,-9.779,-4.16,-7.49,5.77,NRU,SH_SY5Y,Human,Bone,Cancer,24,60,111.1111,nonToxic
116,TiO2,25,504.5,-10.7,210,-9.779,-4.16,-7.49,5.77,NRU,SH_SY5Y,Human,Bone,Cancer,24,80,127.7778,nonToxic
117,TiO2,25,504.5,-10.7,210,-9.779,-4.16,-7.49,5.77,NRU,SH_SY5Y,Human,Bone,Cancer,24,100,142.2222,nonToxic
118,TiO2,25,504.5,-10.7,210,-9.779,-4.16,-7.49,5.77,NRU,SH_SY5Y,Human,Bone,Cancer,24,120,115.5556,nonToxic
119,TiO2,25,504.5,-10.7,210,-9.779,-4.16,-7.49,5.77,NRU,SH_SY5Y,Human,Bone,Cancer,24,150,151.1111,nonToxic
120,TiO2,25,504.5,-10.7,210,-9.779,-4.16,-7.49,5.77,NRU,SH_SY5Y,Human,Bone,Cancer,6,0,100,nonToxic
121,TiO2,25,504.5,-10.7,210,-9.779,-4.16,-7.49,5.77,NRU,SH_SY5Y,Human,Bone,Cancer,6,20,116.6667,nonToxic
122,TiO2,25,504.5,-10.7,210,-9.779,-4.16,-7.49,5.77,NRU,SH_SY5Y,Human,Bone,Cancer,6,40,110,nonToxic
123,TiO2,25,504.5,-10.7,210,-9.779,-4.16,-7.49,5.77,NRU,SH_SY5Y,Human,Bone,Cancer,6,60,104.4444,nonToxic
124,TiO2,25,504.5,-10.7,210,-9.779,-4.16,-7.49,5.77,NRU,SH_SY5Y,Human,Bone,Cancer,6,80,111.1111,nonToxic
125,TiO2,25,504.5,-10.7,210,-9.779,-4.16,-7.49,5.77,NRU,SH_SY5Y,Human,Bone,Cancer,6,100,122.2222,nonToxic
126,TiO2,25,504.5,-10.7,210,-9.779,-4.16,-7.49,5.77,NRU,SH_SY5Y,Human,Bone,Cancer,6,120,121.1111,nonToxic
127,TiO2,25,504.5,-10.7,210,-9.779,-4.16,-7.49,5.77,NRU,SH_SY5Y,Human,Bone,Cancer,6,150,121.1111,nonToxic
128,TiO2,25,504.5,-10.7,210,-9.779,-4.16,-7.49,5.77,NRU,SH_SY5Y,Human,Bone,Cancer,3,0,100,nonToxic
129,TiO2,25,504.5,-10.7,210,-9.779,-4.16,-7.49,5.77,NRU,SH_SY5Y,Human,Bone,Cancer,3,20,110,nonToxic
130,TiO2,25,504.5,-10.7,210,-9.779,-4.16,-7.49,5.77,NRU,SH_SY5Y,Human,Bone,Cancer,3,40,120,nonToxic
131,TiO2,25,504.5,-10.7,210,-9.779,-4.16,-7.49,5.77,NRU,SH_SY5Y,Human,Bone,Cancer,3,60,115.5556,nonToxic
132,TiO2,25,504.5,-10.7,210,-9.779,-4.16,-7.49,5.77,NRU,SH_SY5Y,Human,Bone,Cancer,3,80,114.4444,nonToxic
133,TiO2,25,504.5,-10.7,210,-9.779,-4.16,-7.49,5.77,NRU,SH_SY5Y,Human,Bone,Cancer,3,100,122.2222,nonToxic
134,TiO2,25,504.5,-10.7,210,-9.779,-4.16,-7.49,5.77,NRU,SH_SY5Y,Human,Bone,Cancer,3,120,121.1111,nonToxic
135,TiO2,25,504.5,-10.7,210,-9.779,-4.16,-7.49,5.77,NRU,SH_SY5Y,Human,Bone,Cancer,3,150,116.6667,nonToxic
136,TiO2,25,504.5,-10.7,210,-9.779,-4.16,-7.49,5.77,MTT,SH_SY5Y,Human,Bone,Cancer,24,0,100,nonToxic
137,TiO2,25,504.5,-10.7,210,-9.779,-4.16,-7.49,5.77,MTT,SH_SY5Y,Human,Bone,Cancer,24,20,82.2599,nonToxic
138,TiO2,25,504.5,-10.7,210,-9.779,-4.16,-7.49,5.77,MTT,SH_SY5Y,Human,Bone,Cancer,24,40,76.7232,nonToxic
139,TiO2,25,504.5,-10.7,210,-9.779,-4.16,-7.49,5.77,MTT,SH_SY5Y,Human,Bone,Cancer,24,60,83.8418,nonToxic
140,TiO2,25,504.5,-10.7,210,-9.779,-4.16,-7.49,5.77,MTT,SH_SY5Y,Human,Bone,Cancer,24,80,85.4237,nonToxic
141,TiO2,25,504.5,-10.7,210,-9.779,-4.16,-7.49,5.77,MTT,SH_SY5Y,Human,Bone,Cancer,24,100,93.3333,nonToxic
142,TiO2,25,504.5,-10.7,210,-9.779,-4.16,-7.49,5.77,MTT,SH_SY5Y,Human,Bone,Cancer,24,120,90.1695,nonToxic
143,TiO2,25,504.5,-10.7,210,-9.779,-4.16,-7.49,5.77,MTT,SH_SY5Y,Human,Bone,Cancer,24,150,98.8701,nonToxic
144,TiO2,25,504.5,-10.7,210,-9.779,-4.16,-7.49,5.77,MTT,SH_SY5Y,Human,Bone,Cancer,6,0,100,nonToxic
145,TiO2,25,504.5,-10.7,210,-9.779,-4.16,-7.49,5.77,MTT,SH_SY5Y,Human,Bone,Cancer,6,20,90.1695,nonToxic
146,TiO2,25,504.5,-10.7,210,-9.779,-4.16,-7.49,5.77,MTT,SH_SY5Y,Human,Bone,Cancer,6,40,103.6158,nonToxic
147,TiO2,25,504.5,-10.7,210,-9.779,-4.16,-7.49,5.77,MTT,SH_SY5Y,Human,Bone,Cancer,6,60,88.5876,nonToxic
148,TiO2,25,504.5,-10.7,210,-9.779,-4.16,-7.49,5.77,MTT,SH_SY5Y,Human,Bone,Cancer,6,80,96.4972,nonToxic
149,TiO2,25,504.5,-10.7,210,-9.779,-4.16,-7.49,5.77,MTT,SH_SY5Y,Human,Bone,Cancer,6,100,115.4802,nonToxic
150,TiO2,25,504.5,-10.7,210,-9.779,-4.16,-7.49,5.77,MTT,SH_SY5Y,Human,Bone,Cancer,6,120,95.7062,nonToxic
151,TiO2,25,504.5,-10.7,210,-9.779,-4.16,-7.49,5.77,MTT,SH_SY5Y,Human,Bone,Cancer,6,150,118.6441,nonToxic
152,TiO2,25,504.5,-10.7,210,-9.779,-4.16,-7.49,5.77,MTT,SH_SY5Y,Human,Bone,Cancer,3,0,100,nonToxic
153,TiO2,25,504.5,-10.7,210,-9.779,-4.16,-7.49,5.77,MTT,SH_SY5Y,Human,Bone,Cancer,3,20,90.9605,nonToxic
154,TiO2,25,504.5,-10.7,210,-9.779,-4.16,-7.49,5.77,MTT,SH_SY5Y,Human,Bone,Cancer,3,40,94.1243,nonToxic
155,TiO2,25,504.5,-10.7,210,-9.779,-4.16,-7.49,5.77,MTT,SH_SY5Y,Human,Bone,Cancer,3,60,104.4068,nonToxic
156,TiO2,25,504.5,-10.7,210,-9.779,-4.16,-7.49,5.77,MTT,SH_SY5Y,Human,Bone,Cancer,3,80,87.0056,nonToxic
157,TiO2,25,504.5,-10.7,210,-9.779,-4.16,-7.49,5.77,MTT,SH_SY5Y,Human,Bone,Cancer,3,100,82.2599,nonToxic
158,TiO2,25,504.5,-10.7,210,-9.779,-4.16,-7.49,5.77,MTT,SH_SY5Y,Human,Bone,Cancer,3,120,106.7797,nonToxic
159,TiO2,25,504.5,-10.7,210,-9.779,-4.16,-7.49,5.77,MTT,SH_SY5Y,Human,Bone,Cancer,3,150,94.1243,nonToxic
160,TiO2,25,228.3,-10.7,40,-9.779,-4.16,-7.49,5.77,NRU,SH_SY5Y,Human,Bone,Cancer,24,0,100,nonToxic
161,TiO2,25,228.3,-10.7,40,-9.779,-4.16,-7.49,5.77,NRU,SH_SY5Y,Human,Bone,Cancer,24,20,87.62,nonToxic
162,TiO2,25,228.3,-10.7,40,-9.779,-4.16,-7.49,5.77,NRU,SH_SY5Y,Human,Bone,Cancer,24,40,94.16,nonToxic
163,TiO2,25,228.3,-10.7,40,-9.779,-4.16,-7.49,5.77,NRU,SH_SY5Y,Human,Bone,Cancer,24,60,84.14,nonToxic
164,TiO2,25,228.3,-10.7,40,-9.779,-4.16,-7.49,5.77,NRU,SH_SY5Y,Human,Bone,Cancer,24,80,99.83,nonToxic
165,TiO2,25,228.3,-10.7,40,-9.779,-4.16,-7.49,5.77,NRU,SH_SY5Y,Human,Bone,Cancer,24,100,101.14,nonToxic
166,TiO2,25,228.3,-10.7,40,-9.779,-4.16,-7.49,5.77,NRU,SH_SY5Y,Human,Bone,Cancer,24,120,112.47,nonToxic
167,TiO2,25,228.3,-10.7,40,-9.779,-4.16,-7.49,5.77,NRU,SH_SY5Y,Human,Bone,Cancer,24,150,108.55,nonToxic
168,TiO2,25,228.3,-10.7,40,-9.779,-4.16,-7.49,5.77,NRU,SH_SY5Y,Human,Bone,Cancer,6,0,100,nonToxic
169,TiO2,25,228.3,-10.7,40,-9.779,-4.16,-7.49,5.77,NRU,SH_SY5Y,Human,Bone,Cancer,6,20,95.9,nonToxic
170,TiO2,25,228.3,-10.7,40,-9.779,-4.16,-7.49,5.77,NRU,SH_SY5Y,Human,Bone,Cancer,6,40,100.7,nonToxic
171,TiO2,25,228.3,-10.7,40,-9.779,-4.16,-7.49,5.77,NRU,SH_SY5Y,Human,Bone,Cancer,6,60,87.19,nonToxic
172,TiO2,25,228.3,-10.7,40,-9.779,-4.16,-7.49,5.77,NRU,SH_SY5Y,Human,Bone,Cancer,6,80,112.04,nonToxic
173,TiO2,25,228.3,-10.7,40,-9.779,-4.16,-7.49,5.77,NRU,SH_SY5Y,Human,Bone,Cancer,6,100,102.01,nonToxic
174,TiO2,25,228.3,-10.7,40,-9.779,-4.16,-7.49,5.77,NRU,SH_SY5Y,Human,Bone,Cancer,6,120,102.01,nonToxic
175,TiO2,25,228.3,-10.7,40,-9.779,-4.16,-7.49,5.77,NRU,SH_SY5Y,Human,Bone,Cancer,6,150,91.11,nonToxic
176,TiO2,25,228.3,-10.7,40,-9.779,-4.16,-7.49,5.77,NRU,SH_SY5Y,Human,Bone,Cancer,3,0,100,nonToxic
177,TiO2,25,228.3,-10.7,40,-9.779,-4.16,-7.49,5.77,NRU,SH_SY5Y,Human,Bone,Cancer,3,20,122.5,nonToxic
178,TiO2,25,228.3,-10.7,40,-9.779,-4.16,-7.49,5.77,NRU,SH_SY5Y,Human,Bone,Cancer,3,40,124.6,nonToxic
179,TiO2,25,228.3,-10.7,40,-9.779,-4.16,-7.49,5.77,NRU,SH_SY5Y,Human,Bone,Cancer,3,60,125.9,nonToxic
180,TiO2,25,228.3,-10.7,40,-9.779,-4.16,-7.49,5.77,NRU,SH_SY5Y,Human,Bone,Cancer,3,80,127.3,nonToxic
181,TiO2,25,228.3,-10.7,40,-9.779,-4.16,-7.49,5.77,NRU,SH_SY5Y,Human,Bone,Cancer,3,100,118.14,nonToxic
182,TiO2,25,228.3,-10.7,40,-9.779,-4.16,-7.49,5.77,NRU,SH_SY5Y,Human,Bone,Cancer,3,120,116.4,nonToxic
183,TiO2,25,228.3,-10.7,40,-9.779,-4.16,-7.49,5.77,NRU,SH_SY5Y,Human,Bone,Cancer,3,150,116.4,nonToxic
184,TiO2,25,228.3,-10.7,40,-9.779,-4.16,-7.49,5.77,MTT,SH_SY5Y,Human,Bone,Cancer,24,0,100,nonToxic
185,TiO2,25,228.3,-10.7,40,-9.779,-4.16,-7.49,5.77,MTT,SH_SY5Y,Human,Bone,Cancer,24,20,105.5,nonToxic
186,TiO2,25,228.3,-10.7,40,-9.779,-4.16,-7.49,5.77,MTT,SH_SY5Y,Human,Bone,Cancer,24,40,95.67,nonToxic
187,TiO2,25,228.3,-10.7,40,-9.779,-4.16,-7.49,5.77,MTT,SH_SY5Y,Human,Bone,Cancer,24,60,102.71,nonToxic
188,TiO2,25,228.3,-10.7,40,-9.779,-4.16,-7.49,5.77,MTT,SH_SY5Y,Human,Bone,Cancer,24,80,106.58,nonToxic
189,TiO2,25,228.3,-10.7,40,-9.779,-4.16,-7.49,5.77,MTT,SH_SY5Y,Human,Bone,Cancer,24,100,99.89,nonToxic
190,TiO2,25,228.3,-10.7,40,-9.779,-4.16,-7.49,5.77,MTT,SH_SY5Y,Human,Bone,Cancer,24,120,114.67,nonToxic
191,TiO2,25,228.3,-10.7,40,-9.779,-4.16,-7.49,5.77,MTT,SH_SY5Y,Human,Bone,Cancer,24,150,119.59,nonToxic
192,TiO2,25,228.3,-10.7,40,-9.779,-4.16,-7.49,5.77,MTT,SH_SY5Y,Human,Bone,Cancer,6,0,100,nonToxic
193,TiO2,25,228.3,-10.7,40,-9.779,-4.16,-7.49,5.77,MTT,SH_SY5Y,Human,Bone,Cancer,6,20,93.91,nonToxic
194,TiO2,25,228.3,-10.7,40,-9.779,-4.16,-7.49,5.77,MTT,SH_SY5Y,Human,Bone,Cancer,6,40,92.16,nonToxic
195,TiO2,25,228.3,-10.7,40,-9.779,-4.16,-7.49,5.77,MTT,SH_SY5Y,Human,Bone,Cancer,6,60,95.67,nonToxic
196,TiO2,25,228.3,-10.7,40,-9.779,-4.16,-7.49,5.77,MTT,SH_SY5Y,Human,Bone,Cancer,6,80,90.05,nonToxic
197,TiO2,25,228.3,-10.7,40,-9.779,-4.16,-7.49,5.77,MTT,SH_SY5Y,Human,Bone,Cancer,6,100,88.29,nonToxic
198,TiO2,25,228.3,-10.7,40,-9.779,-4.16,-7.49,5.77,MTT,SH_SY5Y,Human,Bone,Cancer,6,120,103.06,nonToxic
199,TiO2,25,228.3,-10.7,40,-9.779,-4.16,-7.49,5.77,MTT,SH_SY5Y,Human,Bone,Cancer,6,150,90.75,nonToxic
200,TiO2,25,228.3,-10.7,40,-9.779,-4.16,-7.49,5.77,MTT,SH_SY5Y,Human,Bone,Cancer,3,0,100,nonToxic
201,TiO2,25,228.3,-10.7,40,-9.779,-4.16,-7.49,5.77,MTT,SH_SY5Y,Human,Bone,Cancer,3,20,107.9,nonToxic
202,TiO2,25,228.3,-10.7,40,-9.779,-4.16,-7.49,5.77,MTT,SH_SY5Y,Human,Bone,Cancer,3,40,101.6,nonToxic
203,TiO2,25,228.3,-10.7,40,-9.779,-4.16,-7.49,5.77,MTT,SH_SY5Y,Human,Bone,Cancer,3,60,105.1,nonToxic
204,TiO2,25,228.3,-10.7,40,-9.779,-4.16,-7.49,5.77,MTT,SH_SY5Y,Human,Bone,Cancer,3,80,103.06,nonToxic
205,TiO2,25,228.3,-10.7,40,-9.779,-4.16,-7.49,5.77,MTT,SH_SY5Y,Human,Bone,Cancer,3,100,94.97,nonToxic
206,TiO2,25,228.3,-10.7,40,-9.779,-4.16,-7.49,5.77,MTT,SH_SY5Y,Human,Bone,Cancer,3,120,95.32,nonToxic
207,TiO2,25,228.3,-10.7,40,-9.779,-4.16,-7.49,5.77,MTT,SH_SY5Y,Human,Bone,Cancer,3,150,97.78,nonToxic
208,TiO2,21,74,-9.42,57,-9.779,-4.16,-7.49,5.77,Annexiv_V_PI_staining,MCF_10A,Human,Breast,Cancer,24,0,96.1027,nonToxic
209,TiO2,21,74,-9.42,57,-9.779,-4.16,-7.49,5.77,Annexiv_V_PI_staining,MCF_10A,Human,Breast,Cancer,24,150,80.5606,nonToxic
210,TiO2,21,74,-9.42,57,-9.779,-4.16,-7.49,5.77,Annexiv_V_PI_staining,MCF_10A,Human,Breast,Cancer,24,0,96.5641,nonToxic
211,TiO2,21,74,-9.42,57,-9.779,-4.16,-7.49,5.77,Annexiv_V_PI_staining,MCF_10A,Human,Breast,Cancer,24,150,96.0304,nonToxic
212,TiO2,21,74,-9.42,57,-9.779,-4.16,-7.49,5.77,Annexiv_V_PI_staining,WI_38,Human,Lung,Normal,24,0,94.1623,nonToxic
213,TiO2,21,74,-9.42,57,-9.779,-4.16,-7.49,5.77,Annexiv_V_PI_staining,WI_38,Human,Lung,Normal,24,150,75.8821,nonToxic
214,TiO2,21,74,-9.42,57,-9.779,-4.16,-7.49,5.77,Annexiv_V_PI_staining,WI_38,Human,Lung,Normal,24,0,94.7795,nonToxic
215,TiO2,21,74,-9.42,57,-9.779,-4.16,-7.49,5.77,Annexiv_V_PI_staining,WI_38,Human,Lung,Normal,24,150,79.0703,nonToxic
216,TiO2,21,74,-9.42,57,-9.779,-4.16,-7.49,5.77,Annexiv_V_PI_staining,Chang_Liver,Human,Liver,Normal,24,0,93.757,nonToxic
217,TiO2,21,74,-9.42,57,-9.779,-4.16,-7.49,5.77,Annexiv_V_PI_staining,Chang_Liver,Human,Liver,Normal,24,150,79.0703,nonToxic
218,TiO2,21,74,-9.42,57,-9.779,-4.16,-7.49,5.77,Annexiv_V_PI_staining,Chang_Liver,Human,Liver,Normal,24,0,95.6434,nonToxic
219,TiO2,21,74,-9.42,57,-9.779,-4.16,-7.49,5.77,Annexiv_V_PI_staining,Chang_Liver,Human,Liver,Normal,24,150,94.7002,nonToxic
220,TiO2,21,133,-9.42,57,-9.779,-4.16,-7.49,5.77,Annexiv_V_PI_staining,Chang_Liver,Human,Liver,Normal,24,0,93.757,nonToxic
221,TiO2,21,133,-9.42,57,-9.779,-4.16,-7.49,5.77,Annexiv_V_PI_staining,Chang_Liver,Human,Liver,Normal,24,150,59.1287,nonToxic
222,TiO2,21,133,-9.42,57,-9.779,-4.16,-7.49,5.77,Annexiv_V_PI_staining,Chang_Liver,Human,Liver,Normal,24,0,95.6434,nonToxic
223,TiO2,21,133,-9.42,57,-9.779,-4.16,-7.49,5.77,Annexiv_V_PI_staining,Chang_Liver,Human,Liver,Normal,24,150,93.2046,nonToxic
224,TiO2,21,327,-9.42,57,-9.779,-4.16,-7.49,5.77,Annexiv_V_PI_staining,Chang_Liver,Human,Liver,Normal,24,0,93.757,nonToxic
225,TiO2,21,327,-9.42,57,-9.779,-4.16,-7.49,5.77,Annexiv_V_PI_staining,Chang_Liver,Human,Liver,Normal,24,0,95.6434,nonToxic
226,TiO2,40,322.3,-25.27,50,-9.779,-4.16,-7.49,5.77,ATP,L_02,Human,Liver,Normal,24,0,90.4,nonToxic
227,TiO2,40,322.3,-25.27,50,-9.779,-4.16,-7.49,5.77,ATP,L_02,Human,Liver,Normal,24,1,91.1,nonToxic
228,TiO2,40,322.3,-25.27,50,-9.779,-4.16,-7.49,5.77,ATP,L_02,Human,Liver,Normal,24,5,92.6,nonToxic
229,TiO2,40,322.3,-25.27,50,-9.779,-4.16,-7.49,5.77,ATP,L_02,Human,Liver,Normal,24,10,89.6,nonToxic
230,TiO2,40,322.3,-25.27,50,-9.779,-4.16,-7.49,5.77,ATP,L_02,Human,Liver,Normal,12,0,92.6,nonToxic
231,TiO2,40,322.3,-25.27,50,-9.779,-4.16,-7.49,5.77,ATP,L_02,Human,Liver,Normal,12,1,93.9,nonToxic
232,TiO2,40,322.3,-25.27,50,-9.779,-4.16,-7.49,5.77,ATP,L_02,Human,Liver,Normal,12,5,92.2,nonToxic
233,TiO2,40,322.3,-25.27,50,-9.779,-4.16,-7.49,5.77,ATP,L_02,Human,Liver,Normal,12,10,92.5,nonToxic
234,TiO2,40,322.3,-25.27,50,-9.779,-4.16,-7.49,5.77,ATP,L_02,Human,Liver,Normal,6,0,96.2,nonToxic
235,TiO2,40,322.3,-25.27,50,-9.779,-4.16,-7.49,5.77,ATP,L_02,Human,Liver,Normal,6,1,97.3,nonToxic
236,TiO2,40,322.3,-25.27,50,-9.779,-4.16,-7.49,5.77,ATP,L_02,Human,Liver,Normal,6,5,89.4,nonToxic
237,TiO2,40,322.3,-25.27,50,-9.779,-4.16,-7.49,5.77,ATP,L_02,Human,Liver,Normal,6,10,91.5,nonToxic
238,TiO2,169.4,365,-13,9.8,-9.779,-4.16,-7.49,5.77,MTT,V79_4,Hamster,Lung,Normal,48,0,100.7463,nonToxic
239,TiO2,169.4,365,-13,9.8,-9.779,-4.16,-7.49,5.77,MTT,V79_4,Hamster,Lung,Normal,48,10,79.7761,nonToxic
240,TiO2,169.4,365,-13,9.8,-9.779,-4.16,-7.49,5.77,MTT,V79_4,Hamster,Lung,Normal,48,100,58.6567,nonToxic
241,TiO2,169.4,365,-13,9.8,-9.779,-4.16,-7.49,5.77,MTT,V79_4,Hamster,Lung,Normal,24,0,100.7463,nonToxic
242,TiO2,169.4,365,-13,9.8,-9.779,-4.16,-7.49,5.77,MTT,V79_4,Hamster,Lung,Normal,24,10,83.1343,nonToxic
243,TiO2,169.4,365,-13,9.8,-9.779,-4.16,-7.49,5.77,MTT,V79_4,Hamster,Lung,Normal,24,100,59.2537,nonToxic
244,TiO2,15.5,420,-12,107.4,-9.779,-4.16,-7.49,5.77,MTT,V79_4,Hamster,Lung,Normal,48,0,100.7463,nonToxic
245,TiO2,15.5,420,-12,107.4,-9.779,-4.16,-7.49,5.77,MTT,V79_4,Hamster,Lung,Normal,48,10,68.1343,nonToxic
246,TiO2,15.5,420,-12,107.4,-9.779,-4.16,-7.49,5.77,MTT,V79_4,Hamster,Lung,Normal,48,100,38.0597,Toxic
247,TiO2,15.5,420,-12,107.4,-9.779,-4.16,-7.49,5.77,MTT,V79_4,Hamster,Lung,Normal,24,0,100.7463,nonToxic
248,TiO2,15.5,420,-12,107.4,-9.779,-4.16,-7.49,5.77,MTT,V79_4,Hamster,Lung,Normal,24,10,70.8955,nonToxic
249,TiO2,15.5,420,-12,107.4,-9.779,-4.16,-7.49,5.77,MTT,V79_4,Hamster,Lung,Normal,24,100,40.6716,Toxic
250,TiO2,34.1,400,-12,48.9,-9.779,-4.16,-7.49,5.77,MTT,V79_4,Hamster,Lung,Normal,48,0,100.7463,nonToxic
251,TiO2,34.1,400,-12,48.9,-9.779,-4.16,-7.49,5.77,MTT,V79_4,Hamster,Lung,Normal,48,10,78.5821,nonToxic
252,TiO2,34.1,400,-12,48.9,-9.779,-4.16,-7.49,5.77,MTT,V79_4,Hamster,Lung,Normal,48,100,45.5224,Toxic
253,TiO2,34.1,400,-12,48.9,-9.779,-4.16,-7.49,5.77,MTT,V79_4,Hamster,Lung,Normal,24,0,100.7463,nonToxic
254,TiO2,34.1,400,-12,48.9,-9.779,-4.16,-7.49,5.77,MTT,V79_4,Hamster,Lung,Normal,24,10,77.3881,nonToxic
255,TiO2,34.1,400,-12,48.9,-9.779,-4.16,-7.49,5.77,MTT,V79_4,Hamster,Lung,Normal,24,100,48.4328,Toxic
256,TiO2,5.9,460,-12,280.9,-9.779,-4.16,-7.49,5.77,MTT,V79_4,Hamster,Lung,Normal,48,0,100.7463,nonToxic
257,TiO2,5.9,460,-12,280.9,-9.779,-4.16,-7.49,5.77,MTT,V79_4,Hamster,Lung,Normal,48,10,79.9254,nonToxic
258,TiO2,5.9,460,-12,280.9,-9.779,-4.16,-7.49,5.77,MTT,V79_4,Hamster,Lung,Normal,48,100,48.2836,Toxic
259,TiO2,20,707,-12.1,50.4,-9.779,-4.16,-7.49,5.77,MTS,BEAS_2B,Human,Lung,Normal,24,0,100,nonToxic
260,TiO2,20,707,-12.1,50.4,-9.779,-4.16,-7.49,5.77,MTS,BEAS_2B,Human,Lung,Normal,24,10,99.27102057,nonToxic
261,TiO2,20,707,-12.1,50.4,-9.779,-4.16,-7.49,5.77,MTS,BEAS_2B,Human,Lung,Normal,24,30,100,nonToxic
262,TiO2,20,707,-12.1,50.4,-9.779,-4.16,-7.49,5.77,MTS,BEAS_2B,Human,Lung,Normal,24,100,96.7845017,nonToxic
263,TiO2,20,707,-12.1,50.4,-9.779,-4.16,-7.49,5.77,MTS,BEAS_2B,Human,Lung,Normal,24,300,79.74835231,nonToxic
264,TiO2,10,1457,-11,166,-9.779,-4.16,-7.49,5.77,MTS,BEAS_2B,Human,Lung,Normal,24,0,100,nonToxic
265,TiO2,10,1457,-11,166,-9.779,-4.16,-7.49,5.77,MTS,BEAS_2B,Human,Lung,Normal,24,10,94.68656716,nonToxic
266,TiO2,10,1457,-11,166,-9.779,-4.16,-7.49,5.77,MTS,BEAS_2B,Human,Lung,Normal,24,30,91.30348259,nonToxic
267,TiO2,10,1457,-11,166,-9.779,-4.16,-7.49,5.77,MTS,BEAS_2B,Human,Lung,Normal,24,100,96.75621891,nonToxic
268,TiO2,10,1457,-11,166,-9.779,-4.16,-7.49,5.77,MTS,BEAS_2B,Human,Lung,Normal,24,300,84.50746269,nonToxic
269,TiO2,20,338,-7.7,50.4,-9.779,-4.16,-7.49,5.77,MTS,RAW264_7,Mouse,Blood,Cancer,24,0,100,nonToxic
270,TiO2,20,338,-7.7,50.4,-9.779,-4.16,-7.49,5.77,MTS,RAW264_7,Mouse,Blood,Cancer,24,10,107.9472843,nonToxic
271,TiO2,20,338,-7.7,50.4,-9.779,-4.16,-7.49,5.77,MTS,RAW264_7,Mouse,Blood,Cancer,24,30,116.9728435,nonToxic
272,TiO2,20,338,-7.7,50.4,-9.779,-4.16,-7.49,5.77,MTS,RAW264_7,Mouse,Blood,Cancer,24,100,106.8590256,nonToxic
273,TiO2,20,338,-7.7,50.4,-9.779,-4.16,-7.49,5.77,MTS,RAW264_7,Mouse,Blood,Cancer,24,300,99.68051118,nonToxic
274,TiO2,10,262,-5.7,166,-9.779,-4.16,-7.49,5.77,MTS,RAW264_7,Mouse,Blood,Cancer,24,0,100,nonToxic
275,TiO2,10,262,-5.7,166,-9.779,-4.16,-7.49,5.77,MTS,RAW264_7,Mouse,Blood,Cancer,24,10,103.9594111,nonToxic
276,TiO2,10,262,-5.7,166,-9.779,-4.16,-7.49,5.77,MTS,RAW264_7,Mouse,Blood,Cancer,24,30,95.68245125,nonToxic
277,TiO2,10,262,-5.7,166,-9.779,-4.16,-7.49,5.77,MTS,RAW264_7,Mouse,Blood,Cancer,24,100,104.6756864,nonToxic
278,TiO2,10,262,-5.7,166,-9.779,-4.16,-7.49,5.77,MTS,RAW264_7,Mouse,Blood,Cancer,24,300,91.0465579,nonToxic
279,TiO2,35,1814,-35.5,66,-9.779,-4.16,-7.49,5.77,MTT,A549,Human,Lung,Cancer,72,0,101.5761,nonToxic
280,TiO2,35,1814,-35.5,66,-9.779,-4.16,-7.49,5.77,MTT,A549,Human,Lung,Cancer,72,6.25,76.5942,nonToxic
281,TiO2,35,1814,-35.5,66,-9.779,-4.16,-7.49,5.77,MTT,A549,Human,Lung,Cancer,72,12.5,82.4275,nonToxic
282,TiO2,35,1814,-35.5,66,-9.779,-4.16,-7.49,5.77,MTT,A549,Human,Lung,Cancer,72,25,76.721,nonToxic
283,TiO2,35,1814,-35.5,66,-9.779,-4.16,-7.49,5.77,MTT,A549,Human,Lung,Cancer,72,50,73.2971,nonToxic
284,TiO2,35,1814,-35.5,66,-9.779,-4.16,-7.49,5.77,MTT,A549,Human,Lung,Cancer,12,0,100.7394,nonToxic
285,TiO2,35,1814,-35.5,66,-9.779,-4.16,-7.49,5.77,MTT,A549,Human,Lung,Cancer,12,6.25,124.9775,nonToxic
286,TiO2,35,1814,-35.5,66,-9.779,-4.16,-7.49,5.77,MTT,A549,Human,Lung,Cancer,12,12.5,105.284,nonToxic
287,TiO2,35,1814,-35.5,66,-9.779,-4.16,-7.49,5.77,MTT,A549,Human,Lung,Cancer,12,25,106.9252,nonToxic
288,TiO2,35,1814,-35.5,66,-9.779,-4.16,-7.49,5.77,MTT,A549,Human,Lung,Cancer,12,50,101.6231,nonToxic
289,TiO2,30,1843,-30.8,69,-9.779,-4.16,-7.49,5.77,MTT,A549,Human,Lung,Cancer,72,0,101.5761,nonToxic
290,TiO2,30,1843,-30.8,69,-9.779,-4.16,-7.49,5.77,MTT,A549,Human,Lung,Cancer,72,6.25,91.4312,nonToxic
291,TiO2,30,1843,-30.8,69,-9.779,-4.16,-7.49,5.77,MTT,A549,Human,Lung,Cancer,72,12.5,89.2754,nonToxic
292,TiO2,30,1843,-30.8,69,-9.779,-4.16,-7.49,5.77,MTT,A549,Human,Lung,Cancer,72,25,90.7971,nonToxic
293,TiO2,30,1843,-30.8,69,-9.779,-4.16,-7.49,5.77,MTT,A549,Human,Lung,Cancer,72,50,81.9837,nonToxic
294,TiO2,30,1843,-30.8,69,-9.779,-4.16,-7.49,5.77,MTT,A549,Human,Lung,Cancer,12,0,100.9919,nonToxic
295,TiO2,30,1843,-30.8,69,-9.779,-4.16,-7.49,5.77,MTT,A549,Human,Lung,Cancer,12,6.25,119.4229,nonToxic
296,TiO2,30,1843,-30.8,69,-9.779,-4.16,-7.49,5.77,MTT,A549,Human,Lung,Cancer,12,12.5,117.4031,nonToxic
297,TiO2,30,1843,-30.8,69,-9.779,-4.16,-7.49,5.77,MTT,A549,Human,Lung,Cancer,12,25,111.7538,nonToxic
298,TiO2,30,1843,-30.8,69,-9.779,-4.16,-7.49,5.77,MTT,A549,Human,Lung,Cancer,12,50,99.5401,nonToxic
299,TiO2,125,1054,-40.8,38,-9.779,-4.16,-7.49,5.77,MTT,A549,Human,Lung,Cancer,72,0,101.7029,nonToxic
300,TiO2,125,1054,-40.8,38,-9.779,-4.16,-7.49,5.77,MTT,A549,Human,Lung,Cancer,72,6.25,68.4783,nonToxic
301,TiO2,125,1054,-40.8,38,-9.779,-4.16,-7.49,5.77,MTT,A549,Human,Lung,Cancer,72,12.5,57.6993,nonToxic
302,TiO2,125,1054,-40.8,38,-9.779,-4.16,-7.49,5.77,MTT,A549,Human,Lung,Cancer,72,25,51.6123,nonToxic
303,TiO2,125,1054,-40.8,38,-9.779,-4.16,-7.49,5.77,MTT,A549,Human,Lung,Cancer,72,50,44.5109,Toxic
304,TiO2,125,1054,-40.8,38,-9.779,-4.16,-7.49,5.77,MTT,A549,Human,Lung,Cancer,12,0,100.8656,nonToxic
305,TiO2,125,1054,-40.8,38,-9.779,-4.16,-7.49,5.77,MTT,A549,Human,Lung,Cancer,12,6.25,102.3805,nonToxic
306,TiO2,125,1054,-40.8,38,-9.779,-4.16,-7.49,5.77,MTT,A549,Human,Lung,Cancer,12,12.5,90.2615,nonToxic
307,TiO2,125,1054,-40.8,38,-9.779,-4.16,-7.49,5.77,MTT,A549,Human,Lung,Cancer,12,25,88.1154,nonToxic
308,TiO2,125,1054,-40.8,38,-9.779,-4.16,-7.49,5.77,MTT,A549,Human,Lung,Cancer,12,50,80.5095,nonToxic
309,TiO2,5.9,460,-12,280.9,-9.779,-4.16,-7.49,5.77,MTT,V79_4,Hamster,Lung,Normal,24,0,100.7463,nonToxic
310,TiO2,5.9,460,-12,280.9,-9.779,-4.16,-7.49,5.77,MTT,V79_4,Hamster,Lung,Normal,24,10,78.6567,nonToxic
311,TiO2,5.9,460,-12,280.9,-9.779,-4.16,-7.49,5.77,MTT,V79_4,Hamster,Lung,Normal,24,100,44.3284,Toxic
312,TiO2,33.7,303,-25.3,42.5,-9.779,-4.16,-7.49,5.77,MTT,SW480,Human,Colon,Cancer,24,0.1,102.5502,nonToxic
313,TiO2,33.7,303,-25.3,42.5,-9.779,-4.16,-7.49,5.77,MTT,SW480,Human,Colon,Cancer,24,1,87.8069,nonToxic
314,TiO2,33.7,303,-25.3,42.5,-9.779,-4.16,-7.49,5.77,MTT,SW480,Human,Colon,Cancer,24,10,71.2139,nonToxic
315,TiO2,33.7,303,-25.3,42.5,-9.779,-4.16,-7.49,5.77,MTT,SW480,Human,Colon,Cancer,24,0.1,79.6464,nonToxic
316,TiO2,33.7,303,-25.3,42.5,-9.779,-4.16,-7.49,5.77,MTT,SW480,Human,Colon,Cancer,24,1,73.7708,nonToxic
317,TiO2,33.7,303,-25.3,42.5,-9.779,-4.16,-7.49,5.77,MTT,SW480,Human,Colon,Cancer,24,10,75.6749,nonToxic
318,TiO2,33.7,308,-25.3,42.5,-9.779,-4.16,-7.49,5.77,MTT,Caco_2,Human,Colon,Cancer,24,0.1,107.3156,nonToxic
319,TiO2,33.7,308,-25.3,42.5,-9.779,-4.16,-7.49,5.77,MTT,Caco_2,Human,Colon,Cancer,24,1,116.3194,nonToxic
320,TiO2,33.7,308,-25.3,42.5,-9.779,-4.16,-7.49,5.77,MTT,Caco_2,Human,Colon,Cancer,24,10,90.5247,nonToxic
321,TiO2,33.7,308,-25.3,42.5,-9.779,-4.16,-7.49,5.77,MTT,Caco_2,Human,Colon,Cancer,24,100,116.8061,nonToxic
322,TiO2,33.7,308,-25.3,42.5,-9.779,-4.16,-7.49,5.77,MTT,Caco_2,Human,Colon,Cancer,24,0.1,100.0152,nonToxic
323,TiO2,33.7,308,-25.3,42.5,-9.779,-4.16,-7.49,5.77,MTT,Caco_2,Human,Colon,Cancer,24,1,86.1445,nonToxic
324,TiO2,33.7,308,-25.3,42.5,-9.779,-4.16,-7.49,5.77,MTT,Caco_2,Human,Colon,Cancer,24,10,86.0837,nonToxic
325,TiO2,33.7,308,-25.3,42.5,-9.779,-4.16,-7.49,5.77,MTT,Caco_2,Human,Colon,Cancer,24,100,106.5856,nonToxic
326,TiO2,33.7,303,-25.3,42.5,-9.779,-4.16,-7.49,5.77,MTT,SW480,Human,Colon,Cancer,48,0.1,103.6437,nonToxic
327,TiO2,33.7,303,-25.3,42.5,-9.779,-4.16,-7.49,5.77,MTT,SW480,Human,Colon,Cancer,48,1,99.1734,nonToxic
328,TiO2,33.7,303,-25.3,42.5,-9.779,-4.16,-7.49,5.77,MTT,SW480,Human,Colon,Cancer,48,10,104.3185,nonToxic
329,TiO2,33.7,303,-25.3,42.5,-9.779,-4.16,-7.49,5.77,MTT,SW480,Human,Colon,Cancer,48,100,83.3333,nonToxic
330,TiO2,33.7,303,-25.3,42.5,-9.779,-4.16,-7.49,5.77,MTT,SW480,Human,Colon,Cancer,24,0.1,93.8597,nonToxic
331,TiO2,33.7,303,-25.3,42.5,-9.779,-4.16,-7.49,5.77,MTT,SW480,Human,Colon,Cancer,24,1,90.2159,nonToxic
332,TiO2,33.7,303,-25.3,42.5,-9.779,-4.16,-7.49,5.77,MTT,SW480,Human,Colon,Cancer,24,10,101.9568,nonToxic
333,TiO2,33.7,308,-25.3,42.5,-9.779,-4.16,-7.49,5.77,MTT,Caco_2,Human,Colon,Cancer,48,0.1,106.0908,nonToxic
334,TiO2,33.7,308,-25.3,42.5,-9.779,-4.16,-7.49,5.77,MTT,Caco_2,Human,Colon,Cancer,48,1,101.839,nonToxic
335,TiO2,33.7,308,-25.3,42.5,-9.779,-4.16,-7.49,5.77,MTT,Caco_2,Human,Colon,Cancer,48,10,103.9649,nonToxic
336,TiO2,33.7,308,-25.3,42.5,-9.779,-4.16,-7.49,5.77,MTT,Caco_2,Human,Colon,Cancer,48,100,124.7174,nonToxic
337,TiO2,33.7,308,-25.3,42.5,-9.779,-4.16,-7.49,5.77,MTT,Caco_2,Human,Colon,Cancer,24,0.1,116.2139,nonToxic
338,TiO2,33.7,308,-25.3,42.5,-9.779,-4.16,-7.49,5.77,MTT,Caco_2,Human,Colon,Cancer,24,1,91.4122,nonToxic
339,TiO2,33.7,308,-25.3,42.5,-9.779,-4.16,-7.49,5.77,MTT,Caco_2,Human,Colon,Cancer,24,10,93.0319,nonToxic
340,TiO2,33.7,308,-25.3,42.5,-9.779,-4.16,-7.49,5.77,MTT,Caco_2,Human,Colon,Cancer,24,100,105.9895,nonToxic
341,ZnO,45.3,310,32.7,21.3,-3.608,-3.89,-7.2,5.67,MTT,HCMEC,Human,Blood,Normal,24,0.001,93.5233,nonToxic
342,ZnO,45.3,310,32.7,21.3,-3.608,-3.89,-7.2,5.67,MTT,HCMEC,Human,Blood,Normal,24,0.01,98.7047,nonToxic
343,ZnO,45.3,310,32.7,21.3,-3.608,-3.89,-7.2,5.67,MTT,HCMEC,Human,Blood,Normal,24,0.1,97.4093,nonToxic
344,ZnO,45.3,310,32.7,21.3,-3.608,-3.89,-7.2,5.67,MTT,HCMEC,Human,Blood,Normal,24,1,97.9275,nonToxic
345,ZnO,45.3,310,32.7,21.3,-3.608,-3.89,-7.2,5.67,MTT,HCMEC,Human,Blood,Normal,24,5,72.2798,nonToxic
346,ZnO,45.3,310,32.7,21.3,-3.608,-3.89,-7.2,5.67,MTT,HCMEC,Human,Blood,Normal,24,10,62.4352,nonToxic
347,ZnO,45.3,310,32.7,21.3,-3.608,-3.89,-7.2,5.67,MTT,HCMEC,Human,Blood,Normal,24,20,43.7824,Toxic
348,ZnO,45.3,310,32.7,21.3,-3.608,-3.89,-7.2,5.67,MTT,HCMEC,Human,Blood,Normal,24,50,28.7565,Toxic
349,ZnO,45.3,310,32.7,21.3,-3.608,-3.89,-7.2,5.67,MTT,HCMEC,Human,Blood,Normal,24,100,22.5389,Toxic
350,ZnO,45.3,310,32.7,21.3,-3.608,-3.89,-7.2,5.67,MTT,HCMEC,Human,Blood,Normal,12,0.001,96.1039,nonToxic
351,ZnO,45.3,310,32.7,21.3,-3.608,-3.89,-7.2,5.67,MTT,HCMEC,Human,Blood,Normal,12,0.01,98.1818,nonToxic
352,ZnO,45.3,310,32.7,21.3,-3.608,-3.89,-7.2,5.67,MTT,HCMEC,Human,Blood,Normal,12,0.1,101.039,nonToxic
353,ZnO,45.3,310,32.7,21.3,-3.608,-3.89,-7.2,5.67,MTT,HCMEC,Human,Blood,Normal,12,1,99.2208,nonToxic
354,ZnO,45.3,310,32.7,21.3,-3.608,-3.89,-7.2,5.67,MTT,HCMEC,Human,Blood,Normal,12,5,92.7273,nonToxic
355,ZnO,45.3,310,32.7,21.3,-3.608,-3.89,-7.2,5.67,MTT,HCMEC,Human,Blood,Normal,12,10,75.3247,nonToxic
356,ZnO,45.3,310,32.7,21.3,-3.608,-3.89,-7.2,5.67,MTT,HCMEC,Human,Blood,Normal,12,20,64.1558,nonToxic
357,ZnO,45.3,310,32.7,21.3,-3.608,-3.89,-7.2,5.67,MTT,HCMEC,Human,Blood,Normal,12,50,36.6234,Toxic
358,ZnO,45.3,310,32.7,21.3,-3.608,-3.89,-7.2,5.67,MTT,HCMEC,Human,Blood,Normal,12,100,33.5065,Toxic
359,ZnO,115,360,-10,14.4,-3.608,-3.89,-7.2,5.67,CyQuant,HONDC,Human,Nose,Normal,24,10,105.62,nonToxic
360,ZnO,115,360,-10,14.4,-3.608,-3.89,-7.2,5.67,CyQuant,HONDC,Human,Nose,Normal,24,20,108.74,nonToxic
361,ZnO,115,360,-10,14.4,-3.608,-3.89,-7.2,5.67,CyQuant,HONDC,Human,Nose,Normal,24,30,36.16,Toxic
362,ZnO,115,360,-10,14.4,-3.608,-3.89,-7.2,5.67,CyQuant,HONDC,Human,Nose,Normal,24,50,27.54,Toxic
363,ZnO,115,360,-10,14.4,-3.608,-3.89,-7.2,5.67,CyQuant,HONDC,Human,Nose,Normal,24,80,30.17,Toxic
364,ZnO,115,500,-9,14.5,-3.608,-3.89,-7.2,5.67,CyQuant,HONDC,Human,Nose,Normal,24,10,92.69,nonToxic
365,ZnO,115,500,-9,14.5,-3.608,-3.89,-7.2,5.67,CyQuant,HONDC,Human,Nose,Normal,24,20,106.1,nonToxic
366,ZnO,115,500,-9,14.5,-3.608,-3.89,-7.2,5.67,CyQuant,HONDC,Human,Nose,Normal,24,30,52.93,nonToxic
367,ZnO,115,500,-9,14.5,-3.608,-3.89,-7.2,5.67,CyQuant,HONDC,Human,Nose,Normal,24,50,28.26,Toxic
368,ZnO,115,500,-9,14.5,-3.608,-3.89,-7.2,5.67,CyQuant,HONDC,Human,Nose,Normal,24,80,29.46,Toxic
369,ZnO,115,360,-10,14.4,-3.608,-3.89,-7.2,5.67,MTT,HONDC,Human,Nose,Normal,24,10,100,nonToxic
370,ZnO,115,360,-10,14.4,-3.608,-3.89,-7.2,5.67,MTT,HONDC,Human,Nose,Normal,24,20,98.12,nonToxic
371,ZnO,115,360,-10,14.4,-3.608,-3.89,-7.2,5.67,MTT,HONDC,Human,Nose,Normal,24,30,20.14,Toxic
372,ZnO,115,360,-10,14.4,-3.608,-3.89,-7.2,5.67,MTT,HONDC,Human,Nose,Normal,24,50,-1.43,Toxic
373,ZnO,115,360,-10,14.4,-3.608,-3.89,-7.2,5.67,MTT,HONDC,Human,Nose,Normal,24,80,2.877,Toxic
374,ZnO,115,500,-9,14.5,-3.608,-3.89,-7.2,5.67,MTT,HONDC,Human,Nose,Normal,24,10,106.76,nonToxic
375,ZnO,115,500,-9,14.5,-3.608,-3.89,-7.2,5.67,MTT,HONDC,Human,Nose,Normal,24,20,101.58,nonToxic
376,ZnO,115,500,-9,14.5,-3.608,-3.89,-7.2,5.67,MTT,HONDC,Human,Nose,Normal,24,30,26.76,Toxic
377,ZnO,115,500,-9,14.5,-3.608,-3.89,-7.2,5.67,MTT,HONDC,Human,Nose,Normal,24,50,1.438,Toxic
378,ZnO,115,500,-9,14.5,-3.608,-3.89,-7.2,5.67,MTT,HONDC,Human,Nose,Normal,24,80,1.35,Toxic
379,ZnO,60,329,-9.3,7.34,-3.608,-3.89,-7.2,5.67,MTT,A549,Human,Lung,Cancer,24,0,100,nonToxic
380,ZnO,60,329,-9.3,7.34,-3.608,-3.89,-7.2,5.67,MTT,A549,Human,Lung,Cancer,24,5,97.2081,nonToxic
381,ZnO,60,329,-9.3,7.34,-3.608,-3.89,-7.2,5.67,MTT,A549,Human,Lung,Cancer,24,10,99.3638,nonToxic
382,ZnO,60,329,-9.3,7.34,-3.608,-3.89,-7.2,5.67,MTT,A549,Human,Lung,Cancer,24,20,79.7573,nonToxic
383,ZnO,60,329,-9.3,7.34,-3.608,-3.89,-7.2,5.67,MTT,A549,Human,Lung,Cancer,24,40,31.6136,Toxic
384,ZnO,60,329,-9.3,7.34,-3.608,-3.89,-7.2,5.67,MTT,A549,Human,Lung,Cancer,24,80,15.2919,Toxic
385,ZnO,60,320,-7.5,7.34,-3.608,-3.89,-7.2,5.67,MTT,A549,Human,Lung,Cancer,24,0,100,nonToxic
386,ZnO,60,320,-7.5,7.34,-3.608,-3.89,-7.2,5.67,MTT,A549,Human,Lung,Cancer,24,5,99.0558,nonToxic
387,ZnO,60,320,-7.5,7.34,-3.608,-3.89,-7.2,5.67,MTT,A549,Human,Lung,Cancer,24,10,91.6649,nonToxic
388,ZnO,60,320,-7.5,7.34,-3.608,-3.89,-7.2,5.67,MTT,A549,Human,Lung,Cancer,24,20,38.9018,Toxic
389,ZnO,60,320,-7.5,7.34,-3.608,-3.89,-7.2,5.67,MTT,A549,Human,Lung,Cancer,24,40,23.9147,Toxic
390,ZnO,60,320,-7.5,7.34,-3.608,-3.89,-7.2,5.67,MTT,A549,Human,Lung,Cancer,24,80,10.8779,Toxic
391,ZnO,60,936,-2.4,7.34,-3.608,-3.89,-7.2,5.67,MTT,A549,Human,Lung,Cancer,24,0,100,nonToxic
392,ZnO,60,936,-2.4,7.34,-3.608,-3.89,-7.2,5.67,MTT,A549,Human,Lung,Cancer,24,5,97.6187,nonToxic
393,ZnO,60,936,-2.4,7.34,-3.608,-3.89,-7.2,5.67,MTT,A549,Human,Lung,Cancer,24,10,81.297,nonToxic
394,ZnO,60,936,-2.4,7.34,-3.608,-3.89,-7.2,5.67,MTT,A549,Human,Lung,Cancer,24,20,23.4014,Toxic
395,ZnO,60,936,-2.4,7.34,-3.608,-3.89,-7.2,5.67,MTT,A549,Human,Lung,Cancer,24,40,9.8514,Toxic
396,ZnO,60,936,-2.4,7.34,-3.608,-3.89,-7.2,5.67,MTT,A549,Human,Lung,Cancer,24,80,10.9805,Toxic
397,ZnO,100,273.4,-11.7,20,-3.608,-3.89,-7.2,5.67,NRU,SH_SY5Y,Human,Bone,Cancer,48,0,100.2654,nonToxic
398,ZnO,100,273.4,-11.7,20,-3.608,-3.89,-7.2,5.67,NRU,SH_SY5Y,Human,Bone,Cancer,48,10,96.4053,nonToxic
399,ZnO,100,273.4,-11.7,20,-3.608,-3.89,-7.2,5.67,NRU,SH_SY5Y,Human,Bone,Cancer,48,15,100.5549,nonToxic
400,ZnO,100,273.4,-11.7,20,-3.608,-3.89,-7.2,5.67,NRU,SH_SY5Y,Human,Bone,Cancer,48,20,82.0748,nonToxic
401,ZnO,100,273.4,-11.7,20,-3.608,-3.89,-7.2,5.67,NRU,SH_SY5Y,Human,Bone,Cancer,48,25,63.3293,nonToxic
402,ZnO,100,273.4,-11.7,20,-3.608,-3.89,-7.2,5.67,NRU,SH_SY5Y,Human,Bone,Cancer,48,30,60.0724,nonToxic
403,ZnO,100,273.4,-11.7,20,-3.608,-3.89,-7.2,5.67,NRU,SH_SY5Y,Human,Bone,Cancer,48,35,59.6381,nonToxic
404,ZnO,100,273.4,-11.7,20,-3.608,-3.89,-7.2,5.67,NRU,SH_SY5Y,Human,Bone,Cancer,48,40,63.9807,nonToxic
405,ZnO,100,273.4,-11.7,20,-3.608,-3.89,-7.2,5.67,NRU,SH_SY5Y,Human,Bone,Cancer,48,80,55.6333,nonToxic
406,ZnO,100,273.4,-11.7,20,-3.608,-3.89,-7.2,5.67,NRU,SH_SY5Y,Human,Bone,Cancer,24,0,100.4584,nonToxic
407,ZnO,100,273.4,-11.7,20,-3.608,-3.89,-7.2,5.67,NRU,SH_SY5Y,Human,Bone,Cancer,24,10,105.4524,nonToxic
408,ZnO,100,273.4,-11.7,20,-3.608,-3.89,-7.2,5.67,NRU,SH_SY5Y,Human,Bone,Cancer,24,15,100.6755,nonToxic
409,ZnO,100,273.4,-11.7,20,-3.608,-3.89,-7.2,5.67,NRU,SH_SY5Y,Human,Bone,Cancer,24,20,93.2207,nonToxic
410,ZnO,100,273.4,-11.7,20,-3.608,-3.89,-7.2,5.67,NRU,SH_SY5Y,Human,Bone,Cancer,24,25,75.8987,nonToxic
411,ZnO,100,273.4,-11.7,20,-3.608,-3.89,-7.2,5.67,NRU,SH_SY5Y,Human,Bone,Cancer,24,30,71.2666,nonToxic
412,ZnO,100,273.4,-11.7,20,-3.608,-3.89,-7.2,5.67,NRU,SH_SY5Y,Human,Bone,Cancer,24,35,69.5296,nonToxic
413,ZnO,100,273.4,-11.7,20,-3.608,-3.89,-7.2,5.67,NRU,SH_SY5Y,Human,Bone,Cancer,24,40,69.9156,nonToxic
414,ZnO,100,273.4,-11.7,20,-3.608,-3.89,-7.2,5.67,NRU,SH_SY5Y,Human,Bone,Cancer,24,80,49.9397,Toxic
415,ZnO,100,273.4,-11.7,20,-3.608,-3.89,-7.2,5.67,NRU,SH_SY5Y,Human,Bone,Cancer,6,0,100.6514,nonToxic
416,ZnO,100,273.4,-11.7,20,-3.608,-3.89,-7.2,5.67,NRU,SH_SY5Y,Human,Bone,Cancer,6,10,104.994,nonToxic
417,ZnO,100,273.4,-11.7,20,-3.608,-3.89,-7.2,5.67,NRU,SH_SY5Y,Human,Bone,Cancer,6,15,101.0374,nonToxic
418,ZnO,100,273.4,-11.7,20,-3.608,-3.89,-7.2,5.67,NRU,SH_SY5Y,Human,Bone,Cancer,6,20,105.38,nonToxic
419,ZnO,100,273.4,-11.7,20,-3.608,-3.89,-7.2,5.67,NRU,SH_SY5Y,Human,Bone,Cancer,6,25,76.6224,nonToxic
420,ZnO,100,273.4,-11.7,20,-3.608,-3.89,-7.2,5.67,NRU,SH_SY5Y,Human,Bone,Cancer,6,30,59.8311,nonToxic
421,ZnO,100,273.4,-11.7,20,-3.608,-3.89,-7.2,5.67,NRU,SH_SY5Y,Human,Bone,Cancer,6,35,55.9711,nonToxic
422,ZnO,100,273.4,-11.7,20,-3.608,-3.89,-7.2,5.67,NRU,SH_SY5Y,Human,Bone,Cancer,6,40,53.6309,nonToxic
423,ZnO,100,273.4,-11.7,20,-3.608,-3.89,-7.2,5.67,NRU,SH_SY5Y,Human,Bone,Cancer,6,80,60.2171,nonToxic
424,ZnO,100,273.4,-11.7,20,-3.608,-3.89,-7.2,5.67,NRU,SH_SY5Y,Human,Bone,Cancer,3,0,100.5066,nonToxic
425,ZnO,100,273.4,-11.7,20,-3.608,-3.89,-7.2,5.67,NRU,SH_SY5Y,Human,Bone,Cancer,3,10,101.9783,nonToxic
426,ZnO,100,273.4,-11.7,20,-3.608,-3.89,-7.2,5.67,NRU,SH_SY5Y,Human,Bone,Cancer,3,15,92.5694,nonToxic
427,ZnO,100,273.4,-11.7,20,-3.608,-3.89,-7.2,5.67,NRU,SH_SY5Y,Human,Bone,Cancer,3,20,86.4897,nonToxic
428,ZnO,100,273.4,-11.7,20,-3.608,-3.89,-7.2,5.67,NRU,SH_SY5Y,Human,Bone,Cancer,3,25,64.994,nonToxic
429,ZnO,100,273.4,-11.7,20,-3.608,-3.89,-7.2,5.67,NRU,SH_SY5Y,Human,Bone,Cancer,3,30,57.0808,nonToxic
430,ZnO,100,273.4,-11.7,20,-3.608,-3.89,-7.2,5.67,NRU,SH_SY5Y,Human,Bone,Cancer,3,35,57.0326,nonToxic
431,ZnO,100,273.4,-11.7,20,-3.608,-3.89,-7.2,5.67,NRU,SH_SY5Y,Human,Bone,Cancer,3,40,50.2292,nonToxic
432,ZnO,100,273.4,-11.7,20,-3.608,-3.89,-7.2,5.67,NRU,SH_SY5Y,Human,Bone,Cancer,3,80,61.7732,nonToxic
433,ZnO,100,273.4,-11.7,20,-3.608,-3.89,-7.2,5.67,MTT,SH_SY5Y,Human,Bone,Cancer,48,0,100.1351,nonToxic
434,ZnO,100,273.4,-11.7,20,-3.608,-3.89,-7.2,5.67,MTT,SH_SY5Y,Human,Bone,Cancer,48,10,77.2072,nonToxic
435,ZnO,100,273.4,-11.7,20,-3.608,-3.89,-7.2,5.67,MTT,SH_SY5Y,Human,Bone,Cancer,48,15,71.6667,nonToxic
436,ZnO,100,273.4,-11.7,20,-3.608,-3.89,-7.2,5.67,MTT,SH_SY5Y,Human,Bone,Cancer,48,20,55.8446,nonToxic
437,ZnO,100,273.4,-11.7,20,-3.608,-3.89,-7.2,5.67,MTT,SH_SY5Y,Human,Bone,Cancer,48,25,9.8311,Toxic
438,ZnO,100,273.4,-11.7,20,-3.608,-3.89,-7.2,5.67,MTT,SH_SY5Y,Human,Bone,Cancer,48,30,8.5811,Toxic
439,ZnO,100,273.4,-11.7,20,-3.608,-3.89,-7.2,5.67,MTT,SH_SY5Y,Human,Bone,Cancer,48,35,7.2973,Toxic
440,ZnO,100,273.4,-11.7,20,-3.608,-3.89,-7.2,5.67,MTT,SH_SY5Y,Human,Bone,Cancer,48,40,7.0721,Toxic
441,ZnO,100,273.4,-11.7,20,-3.608,-3.89,-7.2,5.67,MTT,SH_SY5Y,Human,Bone,Cancer,24,0,100.1126,nonToxic
442,ZnO,100,273.4,-11.7,20,-3.608,-3.89,-7.2,5.67,MTT,SH_SY5Y,Human,Bone,Cancer,24,10,79.8649,nonToxic
443,ZnO,100,273.4,-11.7,20,-3.608,-3.89,-7.2,5.67,MTT,SH_SY5Y,Human,Bone,Cancer,24,15,80.4054,nonToxic
444,ZnO,100,273.4,-11.7,20,-3.608,-3.89,-7.2,5.67,MTT,SH_SY5Y,Human,Bone,Cancer,24,20,73.0405,nonToxic
445,ZnO,100,273.4,-11.7,20,-3.608,-3.89,-7.2,5.67,MTT,SH_SY5Y,Human,Bone,Cancer,24,25,15.1351,Toxic
446,ZnO,100,273.4,-11.7,20,-3.608,-3.89,-7.2,5.67,MTT,SH_SY5Y,Human,Bone,Cancer,24,30,11.7568,Toxic
447,ZnO,100,273.4,-11.7,20,-3.608,-3.89,-7.2,5.67,MTT,SH_SY5Y,Human,Bone,Cancer,24,35,9.7973,Toxic
448,ZnO,100,273.4,-11.7,20,-3.608,-3.89,-7.2,5.67,MTT,SH_SY5Y,Human,Bone,Cancer,24,40,8.8514,Toxic
449,ZnO,100,273.4,-11.7,20,-3.608,-3.89,-7.2,5.67,MTT,SH_SY5Y,Human,Bone,Cancer,24,80,-3.8739,Toxic
450,ZnO,100,273.4,-11.7,20,-3.608,-3.89,-7.2,5.67,MTT,SH_SY5Y,Human,Bone,Cancer,6,0,100.2027,nonToxic
451,ZnO,100,273.4,-11.7,20,-3.608,-3.89,-7.2,5.67,MTT,SH_SY5Y,Human,Bone,Cancer,6,10,95.6081,nonToxic
452,ZnO,100,273.4,-11.7,20,-3.608,-3.89,-7.2,5.67,MTT,SH_SY5Y,Human,Bone,Cancer,6,15,86.2162,nonToxic
453,ZnO,100,273.4,-11.7,20,-3.608,-3.89,-7.2,5.67,MTT,SH_SY5Y,Human,Bone,Cancer,6,20,81.0811,nonToxic
454,ZnO,100,273.4,-11.7,20,-3.608,-3.89,-7.2,5.67,MTT,SH_SY5Y,Human,Bone,Cancer,6,25,72.3649,nonToxic
455,ZnO,100,273.4,-11.7,20,-3.608,-3.89,-7.2,5.67,MTT,SH_SY5Y,Human,Bone,Cancer,6,30,68.0405,nonToxic
456,ZnO,100,273.4,-11.7,20,-3.608,-3.89,-7.2,5.67,MTT,SH_SY5Y,Human,Bone,Cancer,6,35,60.7432,nonToxic
457,ZnO,100,273.4,-11.7,20,-3.608,-3.89,-7.2,5.67,MTT,SH_SY5Y,Human,Bone,Cancer,6,40,56.6892,nonToxic
458,ZnO,100,273.4,-11.7,20,-3.608,-3.89,-7.2,5.67,MTT,SH_SY5Y,Human,Bone,Cancer,6,80,30,Toxic
459,ZnO,100,273.4,-11.7,20,-3.608,-3.89,-7.2,5.67,MTT,SH_SY5Y,Human,Bone,Cancer,3,0,100.2703,nonToxic
460,ZnO,100,273.4,-11.7,20,-3.608,-3.89,-7.2,5.67,MTT,SH_SY5Y,Human,Bone,Cancer,3,10,97.3649,nonToxic
461,ZnO,100,273.4,-11.7,20,-3.608,-3.89,-7.2,5.67,MTT,SH_SY5Y,Human,Bone,Cancer,3,15,90.8784,nonToxic
462,ZnO,100,273.4,-11.7,20,-3.608,-3.89,-7.2,5.67,MTT,SH_SY5Y,Human,Bone,Cancer,3,20,89.6622,nonToxic
463,ZnO,100,273.4,-11.7,20,-3.608,-3.89,-7.2,5.67,MTT,SH_SY5Y,Human,Bone,Cancer,3,25,76.8018,nonToxic
464,ZnO,100,273.4,-11.7,20,-3.608,-3.89,-7.2,5.67,MTT,SH_SY5Y,Human,Bone,Cancer,3,30,71.036,nonToxic
465,ZnO,100,273.4,-11.7,20,-3.608,-3.89,-7.2,5.67,MTT,SH_SY5Y,Human,Bone,Cancer,3,35,64.6396,nonToxic
466,ZnO,100,273.4,-11.7,20,-3.608,-3.89,-7.2,5.67,MTT,SH_SY5Y,Human,Bone,Cancer,3,40,61.6667,nonToxic
467,ZnO,100,273.4,-11.7,20,-3.608,-3.89,-7.2,5.67,MTT,SH_SY5Y,Human,Bone,Cancer,3,80,48.2432,Toxic
468,ZnO,86,687,31.3,7,-3.608,-3.89,-7.2,5.67,MTT,A549,Human,Lung,Cancer,72,0,101.5007,nonToxic
469,ZnO,86,687,31.3,7,-3.608,-3.89,-7.2,5.67,MTT,A549,Human,Lung,Cancer,72,1.56,91.678,nonToxic
470,ZnO,86,687,31.3,7,-3.608,-3.89,-7.2,5.67,MTT,A549,Human,Lung,Cancer,72,3.13,87.4215,nonToxic
471,ZnO,86,687,31.3,7,-3.608,-3.89,-7.2,5.67,MTT,A549,Human,Lung,Cancer,72,6.25,67.94,nonToxic
472,ZnO,86,687,31.3,7,-3.608,-3.89,-7.2,5.67,MTT,A549,Human,Lung,Cancer,72,12.5,4.7476,Toxic
473,ZnO,86,687,31.3,7,-3.608,-3.89,-7.2,5.67,MTT,A549,Human,Lung,Cancer,72,25,2.292,Toxic
474,ZnO,86,687,31.3,7,-3.608,-3.89,-7.2,5.67,MTT,A549,Human,Lung,Cancer,72,50,7.367,Toxic
475,ZnO,86,687,31.3,7,-3.608,-3.89,-7.2,5.67,MTT,A549,Human,Lung,Cancer,24,0,101.3115,nonToxic
476,ZnO,86,687,31.3,7,-3.608,-3.89,-7.2,5.67,MTT,A549,Human,Lung,Cancer,24,1.56,98.0328,nonToxic
477,ZnO,86,687,31.3,7,-3.608,-3.89,-7.2,5.67,MTT,A549,Human,Lung,Cancer,24,3.13,86.7213,nonToxic
478,ZnO,86,687,31.3,7,-3.608,-3.89,-7.2,5.67,MTT,A549,Human,Lung,Cancer,24,6.25,78.8525,nonToxic
479,ZnO,86,687,31.3,7,-3.608,-3.89,-7.2,5.67,MTT,A549,Human,Lung,Cancer,24,12.5,25.082,Toxic
480,ZnO,86,687,31.3,7,-3.608,-3.89,-7.2,5.67,MTT,A549,Human,Lung,Cancer,24,25,5.2459,Toxic
481,ZnO,86,687,31.3,7,-3.608,-3.89,-7.2,5.67,MTT,A549,Human,Lung,Cancer,24,50,8.6066,Toxic
482,ZnO,86,687,31.3,7,-3.608,-3.89,-7.2,5.67,MTT,A549,Human,Lung,Cancer,12,0,101.3115,nonToxic
483,ZnO,86,687,31.3,7,-3.608,-3.89,-7.2,5.67,MTT,A549,Human,Lung,Cancer,12,1.56,111.3115,nonToxic
484,ZnO,86,687,31.3,7,-3.608,-3.89,-7.2,5.67,MTT,A549,Human,Lung,Cancer,12,3.13,91.3115,nonToxic
485,ZnO,86,687,31.3,7,-3.608,-3.89,-7.2,5.67,MTT,A549,Human,Lung,Cancer,12,6.25,88.0328,nonToxic
486,ZnO,86,687,31.3,7,-3.608,-3.89,-7.2,5.67,MTT,A549,Human,Lung,Cancer,12,12.5,89.0164,nonToxic
487,ZnO,86,687,31.3,7,-3.608,-3.89,-7.2,5.67,MTT,A549,Human,Lung,Cancer,12,25,55.9016,nonToxic
488,ZnO,86,687,31.3,7,-3.608,-3.89,-7.2,5.67,MTT,A549,Human,Lung,Cancer,12,50,51.9672,nonToxic
489,ZnO,52,640,29.4,15,-3.608,-3.89,-7.2,5.67,MTT,A549,Human,Lung,Cancer,72,0,101.337,nonToxic
490,ZnO,52,640,29.4,15,-3.608,-3.89,-7.2,5.67,MTT,A549,Human,Lung,Cancer,72,1.56,85.457,nonToxic
491,ZnO,52,640,29.4,15,-3.608,-3.89,-7.2,5.67,MTT,A549,Human,Lung,Cancer,72,3.13,83.8199,nonToxic
492,ZnO,52,640,29.4,15,-3.608,-3.89,-7.2,5.67,MTT,A549,Human,Lung,Cancer,72,6.25,64.0109,nonToxic
493,ZnO,52,640,29.4,15,-3.608,-3.89,-7.2,5.67,MTT,A549,Human,Lung,Cancer,72,12.5,2.4557,Toxic
494,ZnO,52,640,29.4,15,-3.608,-3.89,-7.2,5.67,MTT,A549,Human,Lung,Cancer,72,25,1.9645,Toxic
495,ZnO,52,640,29.4,15,-3.608,-3.89,-7.2,5.67,MTT,A549,Human,Lung,Cancer,72,50,4.2565,Toxic
496,ZnO,52,640,29.4,15,-3.608,-3.89,-7.2,5.67,MTT,A549,Human,Lung,Cancer,24,0,101.3115,nonToxic
497,ZnO,52,640,29.4,15,-3.608,-3.89,-7.2,5.67,MTT,A549,Human,Lung,Cancer,24,1.56,99.1803,nonToxic
498,ZnO,52,640,29.4,15,-3.608,-3.89,-7.2,5.67,MTT,A549,Human,Lung,Cancer,24,3.13,88.6885,nonToxic
499,ZnO,52,640,29.4,15,-3.608,-3.89,-7.2,5.67,MTT,A549,Human,Lung,Cancer,24,6.25,81.4754,nonToxic
500,ZnO,52,640,29.4,15,-3.608,-3.89,-7.2,5.67,MTT,A549,Human,Lung,Cancer,24,12.5,17.8688,Toxic
501,ZnO,52,640,29.4,15,-3.608,-3.89,-7.2,5.67,MTT,A549,Human,Lung,Cancer,24,25,4.7541,Toxic
502,ZnO,52,640,29.4,15,-3.608,-3.89,-7.2,5.67,MTT,A549,Human,Lung,Cancer,24,50,4.4262,Toxic
503,ZnO,52,640,29.4,15,-3.608,-3.89,-7.2,5.67,MTT,A549,Human,Lung,Cancer,12,0,101.1475,nonToxic
504,ZnO,52,640,29.4,15,-3.608,-3.89,-7.2,5.67,MTT,A549,Human,Lung,Cancer,12,1.56,111.2295,nonToxic
505,ZnO,52,640,29.4,15,-3.608,-3.89,-7.2,5.67,MTT,A549,Human,Lung,Cancer,12,3.13,106.3115,nonToxic
506,ZnO,52,640,29.4,15,-3.608,-3.89,-7.2,5.67,MTT,A549,Human,Lung,Cancer,12,6.25,106.5574,nonToxic
507,ZnO,52,640,29.4,15,-3.608,-3.89,-7.2,5.67,MTT,A549,Human,Lung,Cancer,12,12.5,73.4426,nonToxic
508,ZnO,52,640,29.4,15,-3.608,-3.89,-7.2,5.67,MTT,A549,Human,Lung,Cancer,12,25,55.6557,nonToxic
509,ZnO,52,640,29.4,15,-3.608,-3.89,-7.2,5.67,MTT,A549,Human,Lung,Cancer,12,50,54.5902,nonToxic
510,ZnO,7.5,795,27.4,90,-3.608,-3.89,-7.2,5.67,MTT,A549,Human,Lung,Cancer,72,0,101.4501,nonToxic
511,ZnO,7.5,795,27.4,90,-3.608,-3.89,-7.2,5.67,MTT,A549,Human,Lung,Cancer,72,1.56,78.3037,nonToxic
512,ZnO,7.5,795,27.4,90,-3.608,-3.89,-7.2,5.67,MTT,A549,Human,Lung,Cancer,72,3.13,68.7825,nonToxic
513,ZnO,7.5,795,27.4,90,-3.608,-3.89,-7.2,5.67,MTT,A549,Human,Lung,Cancer,72,6.25,58.6046,nonToxic
514,ZnO,7.5,795,27.4,90,-3.608,-3.89,-7.2,5.67,MTT,A549,Human,Lung,Cancer,72,12.5,34.6375,Toxic
515,ZnO,7.5,795,27.4,90,-3.608,-3.89,-7.2,5.67,MTT,A549,Human,Lung,Cancer,72,25,1.4364,Toxic
516,ZnO,7.5,795,27.4,90,-3.608,-3.89,-7.2,5.67,MTT,A549,Human,Lung,Cancer,72,50,3.2832,Toxic
517,ZnO,7.5,795,27.4,90,-3.608,-3.89,-7.2,5.67,MTT,A549,Human,Lung,Cancer,24,0,101.6644,nonToxic
518,ZnO,7.5,795,27.4,90,-3.608,-3.89,-7.2,5.67,MTT,A549,Human,Lung,Cancer,24,1.56,99.3724,nonToxic
519,ZnO,7.5,795,27.4,90,-3.608,-3.89,-7.2,5.67,MTT,A549,Human,Lung,Cancer,24,3.13,90.8595,nonToxic
520,ZnO,7.5,795,27.4,90,-3.608,-3.89,-7.2,5.67,MTT,A549,Human,Lung,Cancer,24,6.25,78.7449,nonToxic
521,ZnO,7.5,795,27.4,90,-3.608,-3.89,-7.2,5.67,MTT,A549,Human,Lung,Cancer,24,12.5,63.8472,nonToxic
522,ZnO,7.5,795,27.4,90,-3.608,-3.89,-7.2,5.67,MTT,A549,Human,Lung,Cancer,24,25,15.5525,Toxic
523,ZnO,7.5,795,27.4,90,-3.608,-3.89,-7.2,5.67,MTT,A549,Human,Lung,Cancer,24,50,2.292,Toxic
524,ZnO,7.5,795,27.4,90,-3.608,-3.89,-7.2,5.67,MTT,A549,Human,Lung,Cancer,12,0,100.9756,nonToxic
525,ZnO,7.5,795,27.4,90,-3.608,-3.89,-7.2,5.67,MTT,A549,Human,Lung,Cancer,12,1.56,99.8374,nonToxic
526,ZnO,7.5,795,27.4,90,-3.608,-3.89,-7.2,5.67,MTT,A549,Human,Lung,Cancer,12,3.13,84.878,nonToxic
527,ZnO,7.5,795,27.4,90,-3.608,-3.89,-7.2,5.67,MTT,A549,Human,Lung,Cancer,12,6.25,84.065,nonToxic
528,ZnO,7.5,795,27.4,90,-3.608,-3.89,-7.2,5.67,MTT,A549,Human,Lung,Cancer,12,12.5,79.187,nonToxic
529,ZnO,7.5,795,27.4,90,-3.608,-3.89,-7.2,5.67,MTT,A549,Human,Lung,Cancer,12,25,35.6098,Toxic
530,ZnO,7.5,795,27.4,90,-3.608,-3.89,-7.2,5.67,MTT,A549,Human,Lung,Cancer,12,50,21.626,Toxic
531,ZnO,32,1093,21.6,37,-3.608,-3.89,-7.2,5.67,MTT,A549,Human,Lung,Cancer,72,0,102.2896,nonToxic
532,ZnO,32,1093,21.6,37,-3.608,-3.89,-7.2,5.67,MTT,A549,Human,Lung,Cancer,72,1.56,80.6069,nonToxic
533,ZnO,32,1093,21.6,37,-3.608,-3.89,-7.2,5.67,MTT,A549,Human,Lung,Cancer,72,3.13,72,nonToxic
534,ZnO,32,1093,21.6,37,-3.608,-3.89,-7.2,5.67,MTT,A549,Human,Lung,Cancer,72,6.25,69.3517,nonToxic
535,ZnO,32,1093,21.6,37,-3.608,-3.89,-7.2,5.67,MTT,A549,Human,Lung,Cancer,72,12.5,11.7517,Toxic
536,ZnO,32,1093,21.6,37,-3.608,-3.89,-7.2,5.67,MTT,A549,Human,Lung,Cancer,72,25,3.5586,Toxic
537,ZnO,32,1093,21.6,37,-3.608,-3.89,-7.2,5.67,MTT,A549,Human,Lung,Cancer,72,50,4.3035,Toxic
538,ZnO,32,1093,21.6,37,-3.608,-3.89,-7.2,5.67,MTT,A549,Human,Lung,Cancer,24,0,101.4433,nonToxic
539,ZnO,32,1093,21.6,37,-3.608,-3.89,-7.2,5.67,MTT,A549,Human,Lung,Cancer,24,1.56,88.0825,nonToxic
540,ZnO,32,1093,21.6,37,-3.608,-3.89,-7.2,5.67,MTT,A549,Human,Lung,Cancer,24,3.13,80.6598,nonToxic
541,ZnO,32,1093,21.6,37,-3.608,-3.89,-7.2,5.67,MTT,A549,Human,Lung,Cancer,24,6.25,79.4227,nonToxic
542,ZnO,32,1093,21.6,37,-3.608,-3.89,-7.2,5.67,MTT,A549,Human,Lung,Cancer,24,12.5,76.4536,nonToxic
543,ZnO,32,1093,21.6,37,-3.608,-3.89,-7.2,5.67,MTT,A549,Human,Lung,Cancer,24,25,45.2784,Toxic
544,ZnO,32,1093,21.6,37,-3.608,-3.89,-7.2,5.67,MTT,A549,Human,Lung,Cancer,24,50,6.6804,Toxic
545,ZnO,32,1093,21.6,37,-3.608,-3.89,-7.2,5.67,MTT,A549,Human,Lung,Cancer,12,0,100.8197,nonToxic
546,ZnO,32,1093,21.6,37,-3.608,-3.89,-7.2,5.67,MTT,A549,Human,Lung,Cancer,12,1.56,102.2951,nonToxic
547,ZnO,32,1093,21.6,37,-3.608,-3.89,-7.2,5.67,MTT,A549,Human,Lung,Cancer,12,3.13,93.4426,nonToxic
548,ZnO,32,1093,21.6,37,-3.608,-3.89,-7.2,5.67,MTT,A549,Human,Lung,Cancer,12,6.25,94.918,nonToxic
549,ZnO,32,1093,21.6,37,-3.608,-3.89,-7.2,5.67,MTT,A549,Human,Lung,Cancer,12,12.5,98.1148,nonToxic
550,ZnO,32,1093,21.6,37,-3.608,-3.89,-7.2,5.67,MTT,A549,Human,Lung,Cancer,12,25,55.8197,nonToxic
551,ZnO,32,1093,21.6,37,-3.608,-3.89,-7.2,5.67,MTT,A549,Human,Lung,Cancer,12,50,24.3443,Toxic
552,ZnO,35.6,295.5,-41.6,27.9,-3.608,-3.89,-7.2,5.67,MTT,SW480,Human,Colon,Cancer,24,0.1,99.3899,nonToxic
553,ZnO,35.6,295.5,-41.6,27.9,-3.608,-3.89,-7.2,5.67,MTT,SW480,Human,Colon,Cancer,24,10,16.6812,Toxic
554,ZnO,35.6,295.5,-41.6,27.9,-3.608,-3.89,-7.2,5.67,MTT,SW480,Human,Colon,Cancer,24,100,15.3939,Toxic
555,ZnO,35.6,295.5,-41.6,27.9,-3.608,-3.89,-7.2,5.67,MTT,SW480,Human,Colon,Cancer,24,0.1,83.9423,nonToxic
556,ZnO,35.6,295.5,-41.6,27.9,-3.608,-3.89,-7.2,5.67,MTT,SW480,Human,Colon,Cancer,24,10,26.3359,Toxic
557,ZnO,35.6,295.5,-41.6,27.9,-3.608,-3.89,-7.2,5.67,MTT,SW480,Human,Colon,Cancer,24,100,18.6121,Toxic
558,ZnO,35.6,236,-41.6,27.9,-3.608,-3.89,-7.2,5.67,MTT,Caco_2,Human,Colon,Cancer,24,0.1,111.7895,nonToxic
559,ZnO,35.6,236,-41.6,27.9,-3.608,-3.89,-7.2,5.67,MTT,Caco_2,Human,Colon,Cancer,24,1,109.2632,nonToxic
560,ZnO,35.6,236,-41.6,27.9,-3.608,-3.89,-7.2,5.67,MTT,Caco_2,Human,Colon,Cancer,24,0.1,87.2481,nonToxic
561,ZnO,35.6,236,-41.6,27.9,-3.608,-3.89,-7.2,5.67,MTT,Caco_2,Human,Colon,Cancer,24,1,65.2331,nonToxic
562,ZnO,35.6,295.5,-41.6,27.9,-3.608,-3.89,-7.2,5.67,MTT,SW480,Human,Colon,Cancer,48,0.1,114.2285,nonToxic
563,ZnO,35.6,295.5,-41.6,27.9,-3.608,-3.89,-7.2,5.67,MTT,SW480,Human,Colon,Cancer,48,1,107.8156,nonToxic
564,ZnO,35.6,295.5,-41.6,27.9,-3.608,-3.89,-7.2,5.67,MTT,SW480,Human,Colon,Cancer,48,10,3.3066,Toxic
565,ZnO,35.6,295.5,-41.6,27.9,-3.608,-3.89,-7.2,5.67,MTT,SW480,Human,Colon,Cancer,48,100,4.8096,Toxic
566,ZnO,35.6,295.5,-41.6,27.9,-3.608,-3.89,-7.2,5.67,MTT,SW480,Human,Colon,Cancer,24,0.1,102.2712,nonToxic
567,ZnO,35.6,295.5,-41.6,27.9,-3.608,-3.89,-7.2,5.67,MTT,SW480,Human,Colon,Cancer,24,10,2.004,Toxic
568,ZnO,35.6,295.5,-41.6,27.9,-3.608,-3.89,-7.2,5.67,MTT,SW480,Human,Colon,Cancer,24,100,0.4008,Toxic
569,ZnO,35.6,236,-41.6,27.9,-3.608,-3.89,-7.2,5.67,MTT,Caco_2,Human,Colon,Cancer,48,0.1,119.2404,nonToxic
570,ZnO,35.6,236,-41.6,27.9,-3.608,-3.89,-7.2,5.67,MTT,Caco_2,Human,Colon,Cancer,48,1,127.4363,nonToxic
571,ZnO,35.6,236,-41.6,27.9,-3.608,-3.89,-7.2,5.67,MTT,Caco_2,Human,Colon,Cancer,48,10,116.3751,nonToxic
572,ZnO,35.6,236,-41.6,27.9,-3.608,-3.89,-7.2,5.67,MTT,Caco_2,Human,Colon,Cancer,48,100,40.8796,Toxic
573,ZnO,35.6,236,-41.6,27.9,-3.608,-3.89,-7.2,5.67,MTT,Caco_2,Human,Colon,Cancer,24,0.1,86.8566,nonToxic
574,ZnO,35.6,236,-41.6,27.9,-3.608,-3.89,-7.2,5.67,MTT,Caco_2,Human,Colon,Cancer,24,1,84.4578,nonToxic